inspection_id,date,school_id,has_electricity,has_drinking_water,has_functional_toilet,has_boundary_wall,has_playground,inspector_name,remarks
INSP02966,2025-04-02,SCH0476,1,1,1,1,,FARIQ TRIPATHI,GOOD CONDITION
INSP00970,2025-05-13,SCH0337,1,1,1,1,1,UNNATI KULKARNI,GOOD CONDITION
INSP01386,2025-06-26,SCH0127,1,1,0,1,1,GIRIK NATT,TOILETS LOCKED
INSP01234,2025-06-02,SCH0372,0,0,1,1,,RUDRA KURIAN,GOOD CONDITION
INSP02997,2025-10-29,SCH0517,1,1,1,1,0,MOHAMMED DARA,AVERAGE
INSP02408,2025-10-30,SCH0334,,0,1,0,1,,NO REMARKS
INSP02849,2025-07-23,SCH0229,1,1,1,1,,MEERA SACHAR,NEEDS REPAIR
INSP01240,2025-12-29,SCH0072,1,1,1,0,0,SHIVANI KONDA,TOILETS LOCKED
INSP02649,2026-01-20,SCH0516,1,1,1,1,1,YACHANA MODY,GOOD CONDITION
INSP01667,2025-05-12,SCH0182,1,1,1,0,1,EIRAVATI CHOUDHRY,GOOD CONDITION
INSP02398,2026-05-01,SCH0221,1,0,1,0,1,IRA CHOUDHARY,NO REMARKS
INSP01451,2025-12-29,SCH0026,1,0,1,1,1,,NEEDS REPAIR
INSP00613,2025-10-04,SCH0092,1,1,1,,0,MAYA CHADA,GOOD CONDITION
INSP01189,2025-12-25,SCH0063,1,0,1,1,0,CALEB LALA,TOILETS LOCKED
INSP00832,2025-10-02,SCH0509,,,1,1,0,XAVIER GADE,NO REMARKS
INSP02501,2025-05-10,SCH0033,1,1,1,0,0,KAMYA RAVI,TOILETS LOCKED
INSP00333,2025-10-09,SCH0477,1,,1,0,1,JASMIT RAMACHANDRAN,TOILETS LOCKED
INSP02727,2025-10-06,SCH0522,1,1,1,1,1,CHASMUM UPPAL,GOOD CONDITION
INSP00145,2025-11-22,SCH0215,0,1,1,1,0,YACHANA MANGAT,TOILETS LOCKED
INSP02233,2025-10-23,SCH0428,1,1,1,1,0,SAMAKSH KHARE,AVERAGE
INSP01671,2025-12-22,SCH0042,1,1,1,,1,MANAN MANGAT,NEEDS REPAIR
INSP01776,2025-09-14,SCH0403,0,1,1,1,,MANBIR SODHI,NEEDS REPAIR
INSP01733,2025-10-23,SCH0175,1,1,0,1,1,QARIN NAYAR,TOILETS LOCKED
INSP02204,2026-06-02,SCH0010,0,1,1,0,1,,NO REMARKS
INSP02552,2025-04-08,SCH0140,0,1,1,1,1,GAURANGI RATTI,TOILETS LOCKED
INSP00219,2025-09-09,SCH0325,0,1,1,1,0,ZEHAAN DESHPANDE,AVERAGE
INSP00292,2025-11-25,SCH0371,1,1,1,0,1,CHASMUM GANGULY,NO REMARKS
INSP02177,2025-04-26,SCH0583,1,1,,0,1,JONATHAN JAIN,GOOD CONDITION
INSP00818,2025-09-16,SCH0078,1,0,1,1,0,KRISHNA GABA,AVERAGE
INSP00602,2025-11-20,SCH0360,1,1,1,1,0,UMANG SAGAR,AVERAGE
INSP00018,2026-03-15,SCH0582,1,1,1,1,0,UNNATI GOEL,NO REMARKS
INSP00171,2025-02-04,SCH0067,0,1,0,0,,SNEHA GHOSH,GOOD CONDITION
INSP01738,2025-10-02,SCH0230,1,1,1,0,0,OSHA BAJWA,NO REMARKS
INSP02283,2025-09-21,SCH0559,1,1,1,1,1,SAI WARRIOR,AVERAGE
INSP02803,2026-02-19,SCH0238,,1,1,0,0,EKARAJ SEHGAL,NO REMARKS
INSP01408,2026-10-03,SCH0274,,1,1,0,1,KAMALA ROY,AVERAGE
INSP00179,2025-12-09,SCH0577,1,1,1,1,1,RIYA KANT,GOOD CONDITION
INSP01337,2025-06-03,SCH0011,1,1,1,0,0,IMARAN TANDON,TOILETS LOCKED
INSP01815,2025-05-01,SCH0240,0,0,1,1,,LAVANYA CHOUDHRY,AVERAGE
INSP02205,2025-07-11,SCH0037,1,1,1,0,0,RUDRA BAIL,TOILETS LOCKED
INSP01412,2025-08-05,SCH0596,0,1,1,0,0,SAI BHASIN,AVERAGE
INSP02746,2025-11-13,SCH0422,1,1,1,1,,ISAAC KALLA,NO REMARKS
INSP01663,2026-06-03,SCH0456,0,1,1,0,,NEEL GANESH,NEEDS REPAIR
INSP01227,2025-06-29,SCH0398,1,0,,1,1,ISAIAH MANGAT,NO REMARKS
INSP02025,2025-10-08,SCH0219,1,1,1,1,1,BHANUMATI CHAUDHARI,NO REMARKS
INSP02771,2026-03-02,SCH0339,1,1,1,1,0,RAJATA MISTRY,TOILETS LOCKED
INSP02097,2025-05-05,SCH0564,0,0,1,1,,LAKSH DUGAR,GOOD CONDITION
INSP00135,2026-03-09,SCH0542,,1,1,0,1,JACKSON NARASIMHAN,TOILETS LOCKED
INSP02846,2026-02-12,SCH0258,0,1,1,1,0,ISHANVI ARYA,AVERAGE
INSP02987,2025-06-24,SCH0131,,1,1,0,1,KEVIN GADE,NEEDS REPAIR
INSP00103,2026-02-24,SCH0022,1,1,1,1,1,NETRA RAM,AVERAGE
INSP00415,2025-11-05,SCH0093,1,1,1,1,1,LIAM SIBAL,AVERAGE
INSP02697,2026-02-12,SCH0122,1,1,1,0,1,HRITIK NAIDU,TOILETS LOCKED
INSP01484,2025-12-21,SCH0362,1,1,1,1,1,HAMSINI PANDYA,TOILETS LOCKED
INSP01188,2025-06-15,SCH0005,0,0,1,,1,MAX SHENOY,TOILETS LOCKED
INSP01730,2025-10-26,SCH0476,0,1,1,1,0,,GOOD CONDITION
INSP02006,2025-08-02,SCH0075,1,1,1,0,0,ZASHIL HEGDE,AVERAGE
INSP02154,2025-10-12,SCH0434,1,0,1,1,,,NO REMARKS
INSP02572,2025-04-28,SCH0556,1,0,1,0,1,GIRINDRA TIWARI,NO REMARKS
INSP01147,2025-09-30,SCH0535,1,0,1,0,0,VRITTI AGARWAL,NO REMARKS
INSP00310,2026-02-20,SCH0037,1,1,1,1,,,NO REMARKS
INSP02274,2025-12-19,SCH0434,1,1,1,1,0,BAGHYAWATI CHANA,TOILETS LOCKED
INSP02440,2026-09-01,SCH0458,,1,1,1,0,SHIVANSH TRIVEDI,TOILETS LOCKED
INSP00193,2026-12-03,SCH0533,0,1,1,1,1,SHIVANSH TARA,NO REMARKS
INSP00195,2025-07-12,SCH0346,1,1,1,1,0,NIMRAT HAYER,TOILETS LOCKED
INSP00777,2025-06-18,SCH0058,1,0,1,1,0,OESHI PRADHAN,NEEDS REPAIR
INSP01678,2026-03-24,SCH0263,1,1,1,1,0,FITAN HALDER,TOILETS LOCKED
INSP01236,2025-03-11,SCH0442,0,1,0,0,0,,GOOD CONDITION
INSP01394,2025-09-14,SCH0261,1,1,1,0,,YAMINI NAIDU,NEEDS REPAIR
INSP00045,2025-11-04,SCH0003,1,1,,1,1,NICHOLAS KEER,NO REMARKS
INSP01765,2025-04-28,SCH0167,0,1,0,0,0,ZINAL BHAVSAR,AVERAGE
INSP00946,2025-06-09,SCH0129,1,1,1,0,1,ISAAC KHATRI,NO REMARKS
INSP02052,2025-08-18,SCH0398,1,1,0,1,0,PETER MODY,NO REMARKS
INSP00830,2025-07-20,SCH0526,1,0,1,1,0,YATIN GHOSE,TOILETS LOCKED
INSP02967,2025-09-16,SCH0153,,1,1,0,0,FALAK JAGGI,GOOD CONDITION
INSP02922,2026-02-04,SCH0194,1,1,1,1,0,ISAIAH NAGARAJAN,NO REMARKS
INSP01279,2025-12-13,SCH0475,1,1,0,1,0,EKANI OOMMEN,AVERAGE
INSP02900,2025-06-28,SCH0138,0,1,1,1,0,MAYA SASTRY,NO REMARKS
INSP02808,2025-04-30,SCH0052,0,1,1,0,1,VYANJANA BADAL,GOOD CONDITION
INSP01802,2026-02-28,SCH0364,0,1,1,1,0,AISHANI DHILLON,NEEDS REPAIR
INSP00486,2025-09-06,SCH0501,,1,1,0,1,FARAS YOHANNAN,AVERAGE
INSP02372,2026-03-13,SCH0600,1,0,1,1,0,UPKAAR NARANG,GOOD CONDITION
INSP00443,2025-05-15,SCH0530,1,0,1,1,,GAURI DESHMUKH,AVERAGE
INSP01642,2025-11-26,SCH0239,1,1,1,,1,VASUDHA JAYARAMAN,AVERAGE
INSP02598,2025-04-28,SCH0223,1,1,1,1,1,PRANAV MASTER,AVERAGE
INSP01714,2025-05-07,SCH0320,0,1,1,1,1,,GOOD CONDITION
INSP02982,2025-09-26,SCH0169,,1,,,1,SANYA CHOUDHRY,TOILETS LOCKED
INSP00757,2025-10-22,SCH0129,,1,1,0,1,BHANUMATI SRIDHAR,NEEDS REPAIR
INSP01881,2025-04-29,SCH0593,1,1,1,1,0,HEMANI CHANDER,NO REMARKS
INSP00241,2025-11-09,SCH0360,1,1,1,1,1,PETER RAJAGOPALAN,NEEDS REPAIR
INSP02355,2026-01-22,SCH0211,1,1,0,1,1,ALEXANDER GOKHALE,NO REMARKS
INSP01666,2025-12-27,SCH0199,1,1,0,0,0,DIYA SAINI,NO REMARKS
INSP02431,2026-03-16,SCH0083,1,1,1,0,1,IKSHITA DHILLON,NO REMARKS
INSP01744,2026-02-10,SCH0308,1,1,1,0,1,EKANSH BHANDARI,NO REMARKS
INSP00140,2025-10-07,SCH0103,1,1,0,1,0,ZAITRA CHANDRAN,GOOD CONDITION
INSP00195,2025-07-12,SCH0346,1,1,1,1,0,NIMRAT HAYER,TOILETS LOCKED
INSP00347,2025-09-16,SCH0194,,1,0,1,1,NEEL MURTHY,NO REMARKS
INSP01537,2025-10-29,SCH0105,1,1,1,0,1,CHANDRAN GOPAL,NO REMARKS
INSP00315,2025-11-13,SCH0483,1,1,1,0,0,ANVI TARA,NEEDS REPAIR
INSP01743,2026-02-06,SCH0257,1,1,1,1,1,,NO REMARKS
INSP00323,2025-02-10,SCH0316,1,1,1,0,0,RAKSHA JAIN,GOOD CONDITION
INSP01682,2026-01-07,SCH0302,1,1,1,1,1,VAISHNAVI RAU,AVERAGE
INSP01460,2025-09-05,SCH0289,1,0,1,0,,CHARLES BAHRI,AVERAGE
INSP02034,2026-12-01,SCH0386,1,0,0,0,0,ZARNA RAU,NO REMARKS
INSP00257,2025-07-21,SCH0408,,1,1,1,1,ADVAY RAMA,AVERAGE
INSP02300,2026-01-17,SCH0566,,0,1,0,1,BALHAAR WABLE,TOILETS LOCKED
INSP01732,2025-11-12,SCH0529,1,0,0,1,0,DALAJA LALA,NEEDS REPAIR
INSP02601,2026-01-03,SCH0154,1,1,1,0,0,VRISHTI DUGAR,TOILETS LOCKED
INSP00204,2025-09-06,SCH0590,1,1,0,1,1,JACOB MANI,NO REMARKS
INSP01785,2025-04-03,SCH0488,0,1,1,,0,VIDHI OM,GOOD CONDITION
INSP00299,2025-12-14,SCH0599,0,1,1,0,0,ODIKA BHANDARI,NO REMARKS
INSP00052,2025-12-07,SCH0320,0,1,1,0,0,DAKSHA KAPADIA,GOOD CONDITION
INSP00215,2025-05-19,SCH0419,1,1,1,0,0,IKBAL NAGY,NEEDS REPAIR
INSP00064,2026-03-03,SCH0051,1,1,1,0,0,FORUM CHOUDHARY,TOILETS LOCKED
INSP02497,2026-02-23,SCH0004,1,1,1,1,0,AYUSHMAN VYAS,NEEDS REPAIR
INSP02801,2025-05-08,SCH0473,0,0,0,1,1,LAVANYA THAKER,NEEDS REPAIR
INSP01358,2025-11-12,SCH0527,1,0,1,0,0,OJASVI CHAD,TOILETS LOCKED
INSP00300,2025-04-13,SCH0443,0,1,1,0,1,YAUVANI NARANG,TOILETS LOCKED
INSP00433,2025-08-27,SCH0523,1,1,1,1,1,VIRAJ MUNSHI,TOILETS LOCKED
INSP01101,2026-02-26,SCH0512,0,1,1,0,1,ABDUL DAYAL,AVERAGE
INSP00053,2025-04-05,SCH0112,1,1,1,1,0,LIPIKA AGARWAL,NEEDS REPAIR
INSP01227,2025-06-29,SCH0398,1,0,,1,1,ISAIAH MANGAT,NO REMARKS
INSP00795,2025-10-20,SCH0458,0,1,1,1,,CALEB PANDYA,NO REMARKS
INSP02078,2025-10-15,SCH0542,0,1,1,0,0,RAGHAV BAKSHI,AVERAGE
INSP01252,2025-10-22,SCH0450,1,1,1,0,0,DEV SAWHNEY,AVERAGE
INSP01075,2025-09-03,SCH0176,0,1,0,1,0,OVIYA SIDHU,AVERAGE
INSP02378,2025-07-03,SCH0441,1,1,1,1,0,MANTHAN BORA,NO REMARKS
INSP01588,2025-12-12,SCH0440,1,1,1,1,1,YATIN MANDER,TOILETS LOCKED
INSP01289,2025-10-31,SCH0546,1,1,1,1,1,BRIJESH NATARAJAN,TOILETS LOCKED
INSP01675,2025-08-26,SCH0035,1,1,1,1,,RACHANA VAIDYA,NO REMARKS
INSP02133,2026-01-12,SCH0367,1,0,1,,0,KRISHNA VISWANATHAN,TOILETS LOCKED
INSP01448,2026-03-03,SCH0422,1,1,1,,0,ISAAC PALL,AVERAGE
INSP02897,2025-10-14,SCH0263,1,1,0,0,0,IDIKA MUNI,NO REMARKS
INSP00071,2025-08-20,SCH0047,1,,1,0,0,ADVAITH GHOSH,NO REMARKS
INSP00643,2026-03-30,SCH0506,1,1,1,1,1,ANJALI LALLA,NO REMARKS
INSP02543,2026-03-04,SCH0164,0,1,1,0,1,QUINCY RAMASWAMY,NO REMARKS
INSP00945,2025-11-12,SCH0073,1,1,1,0,1,OMAJA GHOSE,TOILETS LOCKED
INSP02852,2026-01-11,SCH0050,1,1,1,,0,HARDIK VENKATESH,NO REMARKS
INSP02539,2025-04-21,SCH0131,1,,1,1,1,JEET SWAMINATHAN,NO REMARKS
INSP01106,2025-04-13,SCH0254,1,,1,1,0,,NO REMARKS
INSP01175,2025-04-22,SCH0422,,0,1,0,0,AMAIRA TARA,AVERAGE
INSP02670,2025-08-10,SCH0525,0,1,,1,,KRISH KALA,NO REMARKS
INSP01757,2025-04-25,SCH0354,,1,1,1,1,SIYA KASHYAP,NO REMARKS
INSP00479,2025-07-09,SCH0535,1,0,1,0,,EIRAVATI BUCH,TOILETS LOCKED
INSP02178,2026-03-01,SCH0160,1,1,0,0,1,MADHAV RATTAN,NEEDS REPAIR
INSP02429,2025-06-14,SCH0291,1,1,0,1,0,EKANTIKA NATH,NEEDS REPAIR
INSP00730,2025-10-09,SCH0305,1,0,1,1,0,ESHANA DEY,NEEDS REPAIR
INSP01761,2025-07-18,SCH0564,0,1,1,1,,TANVEER REDDY,AVERAGE
INSP02282,2025-10-30,SCH0168,1,1,1,0,1,YUG SUR,AVERAGE
INSP00290,2025-12-28,SCH0416,,1,,1,1,WARJAS VALA,NO REMARKS
INSP01092,2025-12-23,SCH0532,1,1,1,0,1,BALENDRA WARRIOR,NEEDS REPAIR
INSP01420,2025-05-01,SCH0040,0,1,1,1,,DARSH NORI,NEEDS REPAIR
INSP00451,2025-07-15,SCH0490,1,1,0,0,0,QUSHI TELLA,AVERAGE
INSP02443,2026-02-23,SCH0473,1,,1,1,,CHAVVI PRADHAN,NO REMARKS
INSP00808,2025-02-07,SCH0493,1,0,0,1,,AZAAN BASAK,NO REMARKS
INSP00464,2025-06-30,SCH0227,1,1,1,1,0,BHAVYA DOSHI,AVERAGE
INSP02529,2025-07-19,SCH0041,1,1,0,1,1,ADVIK RAJA,NEEDS REPAIR
INSP02699,2025-12-03,SCH0482,1,1,0,1,0,,NO REMARKS
INSP00568,2026-03-31,SCH0043,1,1,0,0,0,EDHITHA SRIVASTAVA,NEEDS REPAIR
INSP01611,2025-11-06,SCH0493,1,1,1,1,1,ZEHAAN VIRK,NEEDS REPAIR
INSP00077,2025-08-18,SCH0186,0,,1,1,0,AACHAL CHANDRA,GOOD CONDITION
INSP00332,2025-08-20,SCH0450,1,1,1,1,1,FIYAZ CHANDA,AVERAGE
INSP00612,2026-03-17,SCH0327,1,1,1,0,,GEETIKA RAMAN,NO REMARKS
INSP01074,2025-10-12,SCH0265,0,1,1,1,0,TANVI WAGLE,TOILETS LOCKED
INSP00145,2025-11-22,SCH0215,0,1,1,1,0,YACHANA MANGAT,TOILETS LOCKED
INSP00786,2026-02-13,SCH0313,0,0,,1,1,ZARNA BHARGAVA,NO REMARKS
INSP00046,2025-11-14,SCH0280,1,1,1,1,0,NAKSH RAY,GOOD CONDITION
INSP02908,2025-06-12,SCH0248,1,1,0,1,0,BHAVANI GABA,TOILETS LOCKED
INSP00344,2026-01-06,SCH0451,1,1,1,1,1,GANGA KORPAL,TOILETS LOCKED
INSP02171,2025-11-27,SCH0171,1,1,0,0,0,ANIRUDH MUNI,GOOD CONDITION
INSP01560,2025-06-09,SCH0554,1,1,1,0,0,,NEEDS REPAIR
INSP00545,2025-06-02,SCH0302,0,1,1,1,1,ISHANVI WASON,NEEDS REPAIR
INSP01024,2025-11-08,SCH0428,1,1,1,1,1,REHAAN AHLUWALIA,NO REMARKS
INSP00153,2025-10-15,SCH0540,1,1,1,1,1,GEETIKA KULKARNI,NO REMARKS
INSP01981,2025-05-03,SCH0499,1,1,1,0,0,,TOILETS LOCKED
INSP01323,2025-09-07,SCH0264,1,1,1,1,0,TRIYA DUTTA,NO REMARKS
INSP01019,2025-06-06,SCH0303,1,1,1,1,,VEDANT HAYER,NO REMARKS
INSP02182,2026-01-29,SCH0248,1,1,1,0,1,KRISHA MITAL,GOOD CONDITION
INSP00001,2025-09-22,SCH0087,1,1,1,1,,IRA RANGANATHAN,GOOD CONDITION
INSP01463,2025-06-28,SCH0247,0,1,0,1,1,ALEXANDER GARDE,NEEDS REPAIR
INSP00622,2025-10-05,SCH0089,0,1,1,0,0,GIRISH BATTA,AVERAGE
INSP00409,2025-04-17,SCH0069,1,1,1,0,1,VAISHNAVI SARKAR,NO REMARKS
INSP02837,2025-06-04,SCH0424,0,,0,0,,GABRIEL BISWAS,AVERAGE
INSP01967,2025-08-30,SCH0105,1,0,1,0,0,YOSHITA SRIDHAR,TOILETS LOCKED
INSP02845,2025-11-29,SCH0341,1,1,1,1,1,PARTH BAWA,AVERAGE
INSP01622,2026-03-15,SCH0546,1,1,0,0,1,CHAMAN DUBEY,NO REMARKS
INSP01367,2025-12-21,SCH0078,1,1,1,1,1,SUHANI VISWANATHAN,GOOD CONDITION
INSP00888,2025-08-21,SCH0179,0,0,1,,0,NIHARIKA SUBRAMANIAM,NO REMARKS
INSP01845,2025-05-20,SCH0105,1,1,1,1,,WRIDESH PATIL,NO REMARKS
INSP00033,2025-06-24,SCH0323,1,1,1,1,1,URVI DANI,NO REMARKS
INSP00212,2025-05-22,SCH0080,1,1,1,0,0,DAKSH VORA,GOOD CONDITION
INSP02551,2025-12-20,SCH0186,1,1,1,1,0,DAVID CHEEMA,TOILETS LOCKED
INSP00015,2025-04-05,SCH0124,1,1,0,1,1,YASHODA JANI,AVERAGE
INSP00094,2025-10-28,SCH0234,1,0,1,0,1,EKAPAD RATTAN,NEEDS REPAIR
INSP01256,2025-08-30,SCH0037,1,1,1,1,1,MANYA MODY,NO REMARKS
INSP01398,2025-11-05,SCH0517,1,1,1,0,0,WAHAB PATIL,TOILETS LOCKED
INSP02819,2025-11-10,SCH0116,1,1,0,,1,,GOOD CONDITION
INSP00355,2026-03-02,SCH0410,1,1,,1,0,YOSHITA NAZARETH,AVERAGE
INSP00150,2025-12-30,SCH0428,1,0,0,0,1,CHRISTOPHER DUTT,GOOD CONDITION
INSP00255,2025-05-05,SCH0540,1,1,0,1,1,JAI VARUGHESE,AVERAGE
INSP02030,2025-04-04,SCH0010,1,1,0,1,0,,NO REMARKS
INSP00599,2025-04-13,SCH0292,1,1,0,1,0,BAKHSHI SHAN,NO REMARKS
INSP00185,2025-05-30,SCH0041,0,1,1,0,0,OSHA IYENGAR,NO REMARKS
INSP00579,2025-06-07,SCH0345,0,1,,0,0,,AVERAGE
INSP01091,2025-12-09,SCH0447,1,1,1,1,1,,NO REMARKS
INSP01174,2025-11-25,SCH0340,1,1,1,1,0,MAANAV RAU,NEEDS REPAIR
INSP02252,2025-04-12,SCH0476,1,1,1,0,0,ANITA KANNAN,NO REMARKS
INSP00472,2025-08-26,SCH0242,1,1,1,0,1,JANYA LALLA,AVERAGE
INSP01966,2026-03-13,SCH0281,1,1,0,0,1,VIHAAN VARMA,GOOD CONDITION
INSP01964,2025-06-21,SCH0598,1,1,1,1,0,JEEVIKA PANDIT,AVERAGE
INSP01303,2026-03-17,SCH0359,1,1,,1,0,VIHAAN BORA,GOOD CONDITION
INSP02998,2026-03-20,SCH0117,1,1,,1,0,ARYA SHENOY,TOILETS LOCKED
INSP00258,2025-07-06,SCH0067,0,1,1,1,0,UNNATI IYENGAR,TOILETS LOCKED
INSP01802,2026-02-28,SCH0364,0,1,1,1,0,AISHANI DHILLON,NEEDS REPAIR
INSP00933,2025-07-02,SCH0176,0,1,1,1,1,YASHASVI SETHI,NO REMARKS
INSP01685,2025-11-20,SCH0505,1,1,0,0,0,AYUSHMAN CHAND,AVERAGE
INSP00719,2025-12-06,SCH0533,1,1,1,1,1,HARINAKSHI BOASE,NO REMARKS
INSP00597,2026-06-02,SCH0014,0,1,0,1,0,ROHAN RAU,NO REMARKS
INSP00611,2025-09-01,SCH0432,1,1,1,1,1,NACHIKET PUROHIT,NO REMARKS
INSP00756,2025-10-24,SCH0489,,1,1,0,0,SUHANI BARAL,TOILETS LOCKED
INSP02326,2025-08-14,SCH0196,1,1,1,1,1,WAZIR VARTY,GOOD CONDITION
INSP01507,2025-09-28,SCH0177,0,,1,0,1,CHANCHAL PARMER,NO REMARKS
INSP02488,2025-12-13,SCH0209,1,0,1,1,0,URVI DATTA,TOILETS LOCKED
INSP01887,2025-07-16,SCH0019,1,1,1,1,,BALVAN VOHRA,NO REMARKS
INSP01339,2025-04-11,SCH0428,0,1,0,1,1,,GOOD CONDITION
INSP02612,2025-09-08,SCH0400,,1,1,0,0,WAHAB THAKKAR,NO REMARKS
INSP00175,2025-04-18,SCH0427,1,1,1,0,,ABDUL RATTI,AVERAGE
INSP01392,2025-07-10,SCH0428,1,1,1,1,1,YUG PRADHAN,NEEDS REPAIR
INSP02249,2026-03-17,SCH0026,1,1,1,1,,TANMAYI GOEL,NO REMARKS
INSP00121,2025-09-08,SCH0480,1,1,1,1,1,EKANTA RAMESH,NO REMARKS
INSP02893,2026-09-01,SCH0257,1,1,1,1,1,MAYA CHEEMA,TOILETS LOCKED
INSP00529,2026-03-25,SCH0080,1,1,1,,1,JACOB BUCH,NEEDS REPAIR
INSP02568,2026-01-24,SCH0356,1,1,0,1,1,MAHIKA SWAMINATHAN,NO REMARKS
INSP00904,2026-02-13,SCH0380,,1,1,,0,SAI VASA,TOILETS LOCKED
INSP01091,2025-12-09,SCH0447,1,1,1,1,1,,NO REMARKS
INSP02916,2026-03-19,SCH0327,1,1,0,0,1,ADITYA KORPAL,NEEDS REPAIR
INSP00440,2025-10-15,SCH0026,1,1,1,1,1,RONITH DESAI,TOILETS LOCKED
INSP01379,2025-06-04,SCH0026,1,1,1,1,,SAMAR SANDAL,AVERAGE
INSP02773,2025-08-27,SCH0124,1,1,1,1,1,PRATYUSH PARSA,GOOD CONDITION
INSP02145,2025-07-12,SCH0522,1,,0,1,1,HEMAL CONTRACTOR,GOOD CONDITION
INSP00189,2025-12-10,SCH0311,1,1,1,1,1,ISHANVI MANGAL,AVERAGE
INSP01951,2025-08-13,SCH0202,1,1,0,1,1,,AVERAGE
INSP01265,2026-12-01,SCH0122,1,1,1,0,0,MAANAS MURTY,TOILETS LOCKED
INSP02351,2025-04-20,SCH0204,1,0,1,0,0,LEENA WASON,NO REMARKS
INSP01115,2025-04-09,SCH0269,,0,0,1,1,DARSH KRISHNA,NO REMARKS
INSP00271,2026-01-12,SCH0240,1,1,1,1,0,TIMOTHY GHOSH,TOILETS LOCKED
INSP00001,2025-09-22,SCH0087,1,1,1,1,,IRA RANGANATHAN,GOOD CONDITION
INSP00252,2025-04-10,SCH0111,1,1,1,1,0,MOHINI SONI,NO REMARKS
INSP00369,2026-03-27,SCH0347,0,1,0,1,1,GEETIKA MISHRA,TOILETS LOCKED
INSP00388,2025-06-27,SCH0573,1,1,1,0,1,ISHAAN CHANDRAN,AVERAGE
INSP00292,2025-11-25,SCH0371,1,1,1,0,1,CHASMUM GANGULY,NO REMARKS
INSP01422,2026-09-01,SCH0024,1,1,,1,0,GEORGE RAI,GOOD CONDITION
INSP00810,2025-10-25,SCH0511,0,1,1,0,0,IRA LALL,NO REMARKS
INSP01953,2025-06-06,SCH0033,0,,0,0,1,RIA RAY,NO REMARKS
INSP02483,2025-06-27,SCH0237,,1,1,1,1,BHANUMATI BALAY,NEEDS REPAIR
INSP00247,2025-12-19,SCH0255,0,1,0,1,0,,NEEDS REPAIR
INSP01238,2025-05-20,SCH0211,1,1,0,1,1,FINN OOMMEN,NO REMARKS
INSP02432,2025-08-05,SCH0406,1,,1,,1,LEKHA KHANNA,AVERAGE
INSP01150,2025-10-09,SCH0432,0,1,1,0,0,ABHIMANYU GOPAL,NEEDS REPAIR
INSP02168,2025-03-09,SCH0592,,1,1,1,,ISHA NAZARETH,NO REMARKS
INSP00977,2025-08-28,SCH0305,1,1,1,1,0,SAMAR MODI,GOOD CONDITION
INSP02500,2025-09-14,SCH0294,1,1,1,1,,,NEEDS REPAIR
INSP00719,2025-12-06,SCH0533,1,1,1,1,1,HARINAKSHI BOASE,NO REMARKS
INSP02165,2025-10-31,SCH0541,1,1,1,1,1,VANSHA MAND,TOILETS LOCKED
INSP00444,2026-02-04,SCH0458,1,1,1,1,1,ABHA OM,TOILETS LOCKED
INSP02806,2025-12-10,SCH0599,1,1,0,0,1,ABHIRAM KARNIK,NEEDS REPAIR
INSP00565,2025-07-21,SCH0573,1,0,1,1,0,LOHIT PALAN,GOOD CONDITION
INSP02093,2025-10-29,SCH0375,1,1,1,1,1,RUDRA MASTER,TOILETS LOCKED
INSP00677,2025-11-04,SCH0143,0,1,1,1,0,TURVI AGARWAL,NEEDS REPAIR
INSP00880,2025-07-08,SCH0590,1,1,1,,0,,TOILETS LOCKED
INSP02660,2026-07-03,SCH0552,1,1,0,1,0,NIDRA BHATT,NO REMARKS
INSP01860,2025-08-17,SCH0576,1,1,1,1,0,ONVEER KALLA,TOILETS LOCKED
INSP02795,2025-12-15,SCH0260,1,1,1,1,0,ARIN SESHADRI,AVERAGE
INSP00176,2025-11-13,SCH0556,1,1,1,0,0,TANAY MASTER,TOILETS LOCKED
INSP00556,2025-06-16,SCH0479,0,1,1,0,,BANJEET GARDE,TOILETS LOCKED
INSP02222,2025-11-19,SCH0140,1,1,1,,,TANVI GUPTA,AVERAGE
INSP01557,2025-04-23,SCH0097,0,1,1,1,1,VIDHI DORA,GOOD CONDITION
INSP02959,2026-02-24,SCH0062,0,1,1,1,0,ZINAL HALDER,NO REMARKS
INSP02293,2026-03-07,SCH0237,0,1,1,,0,JANANI VARKEY,NO REMARKS
INSP01809,2025-12-19,SCH0294,1,1,,0,1,NATHANIEL MANI,NEEDS REPAIR
INSP00868,2025-04-09,SCH0321,1,0,1,0,0,,GOOD CONDITION
INSP02119,2025-04-30,SCH0022,1,1,1,1,1,DALBIR TANDON,GOOD CONDITION
INSP00450,2025-12-28,SCH0066,0,1,1,0,1,,TOILETS LOCKED
INSP01135,2025-10-20,SCH0317,1,0,0,0,0,ADVIK PERI,NEEDS REPAIR
INSP01851,2026-02-28,SCH0294,1,1,1,1,1,KEYA DUA,NO REMARKS
INSP00582,2025-12-27,SCH0312,0,1,0,,0,LEKHA MAMMEN,NO REMARKS
INSP02491,2026-01-27,SCH0066,0,1,1,,1,ETA LALLA,AVERAGE
INSP02051,2025-10-22,SCH0072,1,1,1,1,1,THOMAS DHAR,GOOD CONDITION
INSP02664,2025-06-13,SCH0199,0,1,0,,0,BAKHSHI KOSHY,NO REMARKS
INSP01426,2026-01-18,SCH0067,1,1,1,1,1,URVI CHANDRA,AVERAGE
INSP02172,2025-05-25,SCH0172,0,1,1,1,1,UPADHRITI SINGHAL,NO REMARKS
INSP00765,2025-04-26,SCH0333,0,1,0,0,0,MAANAS GUPTA,NO REMARKS
INSP02549,2025-04-10,SCH0193,1,1,1,0,0,ADVIK MORAR,GOOD CONDITION
INSP00508,2026-03-14,SCH0042,1,1,0,1,1,,GOOD CONDITION
INSP01946,2025-11-13,SCH0282,1,1,1,0,1,YUG SACHDEVA,AVERAGE
INSP00267,2025-12-26,SCH0482,1,1,1,0,0,MANTHAN MAHARAJ,NEEDS REPAIR
INSP00197,2026-01-14,SCH0416,1,0,,1,1,RAJATA SARRAF,AVERAGE
INSP02941,2025-04-18,SCH0198,1,,1,0,0,JALSA DHAR,AVERAGE
INSP00089,2025-06-14,SCH0256,1,1,0,0,1,THOMAS KAR,NO REMARKS
INSP02884,2025-12-06,SCH0265,1,1,1,0,1,NITARA CHANDRA,NEEDS REPAIR
INSP01318,2025-06-06,SCH0350,1,1,1,1,0,,GOOD CONDITION
INSP02826,2025-04-13,SCH0414,1,1,1,1,1,WARINDER PALAN,GOOD CONDITION
INSP00679,2025-07-25,SCH0278,1,1,0,1,0,WISHI HAYRE,NO REMARKS
INSP00913,2025-05-03,SCH0592,,1,1,1,0,AARINI KORPAL,TOILETS LOCKED
INSP00728,2026-03-30,SCH0033,1,1,1,1,1,RIDHI GOUR,NO REMARKS
INSP00411,2026-01-23,SCH0049,1,1,1,1,0,HARITA BALA,NEEDS REPAIR
INSP00991,2026-01-22,SCH0546,1,1,1,1,0,KEYA SAMPATH,GOOD CONDITION
INSP00583,2025-06-25,SCH0152,0,0,1,1,0,,NEEDS REPAIR
INSP02724,2025-12-23,SCH0574,1,1,1,,0,URVI D’ALIA,NO REMARKS
INSP00026,2025-09-25,SCH0114,,1,1,1,1,,NEEDS REPAIR
INSP02359,2025-08-03,SCH0388,,1,1,1,,ESHANA DEVAN,NO REMARKS
INSP02709,2025-11-12,SCH0525,1,1,1,1,,,NO REMARKS
INSP01948,2025-11-04,SCH0221,1,1,1,1,1,WAHAB NADIG,TOILETS LOCKED
INSP02015,2025-08-22,SCH0162,1,1,1,0,0,ISAAC VERMA,TOILETS LOCKED
INSP02164,2026-01-23,SCH0093,1,1,1,0,0,CHAMELI RAVEL,NO REMARKS
INSP01840,2026-12-03,SCH0388,1,,1,0,,LAKSH PURI,TOILETS LOCKED
INSP00322,2025-08-25,SCH0408,1,0,1,0,1,HARRISON SHARAF,TOILETS LOCKED
INSP01427,2025-04-25,SCH0474,1,1,1,1,0,SIDDHARTH RAJAGOPALAN,AVERAGE
INSP02426,2025-07-14,SCH0567,1,0,1,1,1,JACK THAKER,AVERAGE
INSP01610,2025-08-30,SCH0406,1,0,,1,0,ABHIRAM KAPADIA,NO REMARKS
INSP00424,2025-10-22,SCH0072,1,1,1,1,0,JONATHAN MURTY,NEEDS REPAIR
INSP01413,2025-05-09,SCH0543,1,1,1,0,1,JAIRAJ BUCH,NO REMARKS
INSP00068,2025-08-05,SCH0361,1,1,1,0,1,WAHAB VALA,NO REMARKS
INSP02294,2026-03-07,SCH0319,1,1,1,1,0,YASHICA CHATTERJEE,TOILETS LOCKED
INSP01619,2025-09-13,SCH0001,0,1,,0,0,DEVIKA WALIA,TOILETS LOCKED
INSP02607,2026-01-17,SCH0046,1,0,,1,0,YUVRAJ DEY,AVERAGE
INSP00032,2025-05-28,SCH0556,1,1,1,1,1,SAI RANA,GOOD CONDITION
INSP02679,2025-12-05,SCH0412,0,1,1,0,,SAMESH KOSHY,GOOD CONDITION
INSP00528,2025-08-11,SCH0415,0,1,1,1,1,EKAVIR JAYARAMAN,NO REMARKS
INSP02288,2025-12-12,SCH0332,1,1,1,0,1,GEETIKA CHATTERJEE,AVERAGE
INSP00458,2026-01-14,SCH0311,1,1,1,1,0,ZANSI DHAR,NO REMARKS
INSP02659,2026-02-12,SCH0175,1,1,1,0,0,MICHAEL DOCTOR,AVERAGE
INSP02902,2025-04-19,SCH0217,1,1,1,1,1,CHASMUM SHETH,NO REMARKS
INSP02454,2025-06-28,SCH0341,1,1,1,,0,,NO REMARKS
INSP02919,2026-01-08,SCH0463,1,1,1,1,1,GAURIKA ACHARYA,GOOD CONDITION
INSP00863,2025-06-22,SCH0195,0,1,1,1,1,CALEB THAMAN,GOOD CONDITION
INSP02675,2025-12-05,SCH0065,1,1,1,,1,LAVANYA CHAD,NEEDS REPAIR
INSP00167,2026-01-03,SCH0002,1,1,1,1,1,EKAPAD BANDI,AVERAGE
INSP00125,2025-09-08,SCH0213,0,1,1,1,0,YASHICA DHAR,AVERAGE
INSP02595,2025-07-04,SCH0201,1,1,1,1,0,,GOOD CONDITION
INSP00683,2025-06-02,SCH0075,0,1,1,0,0,AARNA KHALSA,AVERAGE
INSP02330,2025-07-18,SCH0296,0,1,1,0,1,MANYA VASA,AVERAGE
INSP00573,2025-05-26,SCH0521,0,,0,1,1,HEMA BADAL,TOILETS LOCKED
INSP01199,2025-12-16,SCH0448,1,,1,1,0,GAURAV RAMASWAMY,TOILETS LOCKED
INSP01090,2026-03-05,SCH0425,1,1,1,1,,SNEHA BHALLA,NO REMARKS
INSP01360,2025-07-13,SCH0168,1,1,1,1,1,TRIYA DEWAN,TOILETS LOCKED
INSP02365,2025-07-03,SCH0260,1,1,1,1,1,CHANAKYA MANNE,GOOD CONDITION
INSP00507,2025-11-09,SCH0570,1,1,1,1,1,ANAMIKA PARMAR,AVERAGE
INSP01273,2025-12-23,SCH0191,1,1,1,1,1,AACHAL GARG,GOOD CONDITION
INSP02712,2025-05-20,SCH0016,1,0,1,1,1,JACOB DANI,TOILETS LOCKED
INSP02046,2025-12-04,SCH0228,,0,1,1,1,WARDA MANDER,NEEDS REPAIR
INSP01711,2025-07-07,SCH0017,0,1,1,1,1,YAMINI VENKATARAMAN,NO REMARKS
INSP02871,2025-05-25,SCH0126,1,1,1,0,0,DEVANSH JAGGI,AVERAGE
INSP02468,2025-08-07,SCH0528,1,1,1,1,1,ARJUN DYAL,TOILETS LOCKED
INSP00931,2025-11-09,SCH0040,1,1,1,1,0,CHAITANYA PALLA,NO REMARKS
INSP00177,2026-01-27,SCH0137,1,0,0,0,,SHIVANI DUTT,GOOD CONDITION
INSP00595,2025-04-23,SCH0586,1,1,1,1,1,UPADHRITI PARMAR,GOOD CONDITION
INSP01564,2025-07-14,SCH0588,1,1,1,1,1,PATRICK PANT,NO REMARKS
INSP02031,2025-10-03,SCH0018,0,1,0,,1,MADHAV DASS,NEEDS REPAIR
INSP02452,2025-12-26,SCH0043,1,1,1,1,0,IKBAL VISWANATHAN,NO REMARKS
INSP01002,2025-10-27,SCH0208,1,1,1,1,,HARSH JANI,TOILETS LOCKED
INSP01232,2025-04-24,SCH0471,0,1,1,,1,DAVID SANT,AVERAGE
INSP00802,2025-06-17,SCH0517,1,0,1,0,1,ADVAY DUGAL,NO REMARKS
INSP00434,2026-02-22,SCH0535,1,1,1,0,1,NICHOLAS GUHA,NO REMARKS
INSP00081,2025-09-06,SCH0314,1,0,1,1,0,KAMYA SANDHU,GOOD CONDITION
INSP02263,2025-06-16,SCH0494,0,1,,1,0,KRISHNA DASH,AVERAGE
INSP01197,2026-01-10,SCH0073,1,1,,0,0,ZAID RAM,TOILETS LOCKED
INSP02094,2025-04-06,SCH0431,1,1,1,1,0,URVASHI MANE,NO REMARKS
INSP00417,2025-10-25,SCH0200,1,1,0,0,1,PRANIT LUTHRA,TOILETS LOCKED
INSP02957,2025-09-24,SCH0212,1,1,1,1,1,JALSA CHOUDHRY,NO REMARKS
INSP00496,2026-01-23,SCH0380,1,1,0,0,1,SANYA BAVA,TOILETS LOCKED
INSP01628,2025-09-25,SCH0044,1,1,1,1,0,KARAN D’ALIA,GOOD CONDITION
INSP00938,2025-06-11,SCH0053,1,1,1,0,0,ADVIKA GARDE,TOILETS LOCKED
INSP02885,2025-08-24,SCH0225,1,1,1,1,1,RANBIR RAJAGOPALAN,AVERAGE
INSP00371,2025-09-28,SCH0214,0,1,1,1,0,SAMARTH PATLA,NEEDS REPAIR
INSP01548,2025-06-20,SCH0224,1,0,1,1,0,FITAN UPADHYAY,TOILETS LOCKED
INSP01695,2025-05-25,SCH0577,0,1,1,,0,CHAAYA BOASE,GOOD CONDITION
INSP01941,2025-06-30,SCH0478,1,0,1,0,1,VASATIKA JAYARAMAN,TOILETS LOCKED
INSP01787,2025-03-04,SCH0258,1,1,0,1,,JAGAT SACHAR,AVERAGE
INSP01927,2026-02-09,SCH0053,1,0,1,1,1,VINAYA PAU,NEEDS REPAIR
INSP01573,2025-05-22,SCH0553,1,0,1,1,1,CHATRESH DEVI,TOILETS LOCKED
INSP02196,2025-04-08,SCH0194,0,1,0,1,0,TEJAS SUBRAMANIAM,NO REMARKS
INSP00839,2025-11-15,SCH0552,1,0,1,1,0,BANJEET NIGAM,TOILETS LOCKED
INSP01243,2026-04-02,SCH0269,1,1,1,1,0,HARDIK ANNE,GOOD CONDITION
INSP01865,2025-06-30,SCH0387,,1,0,1,1,PANINI RAJA,AVERAGE
INSP00142,2025-09-25,SCH0510,,0,1,1,0,MUGDHA DUGAL,AVERAGE
INSP01207,2025-11-01,SCH0036,1,,0,1,1,YAUVANI KARAN,NO REMARKS
INSP01728,2025-06-11,SCH0252,0,1,1,,0,WRIDDHISH REGE,NO REMARKS
INSP01481,2025-04-04,SCH0032,1,0,,,1,RAKSHA RAJAGOPAL,NO REMARKS
INSP01937,2025-05-21,SCH0523,1,,1,1,0,AGASTYA PATLA,AVERAGE
INSP01939,2025-12-20,SCH0241,0,1,1,1,1,SATHVIK AGATE,TOILETS LOCKED
INSP00533,2026-01-08,SCH0135,1,0,1,1,1,HARITA MUKHERJEE,NEEDS REPAIR
INSP02895,2025-12-01,SCH0104,1,1,1,1,0,HARDIK BIR,GOOD CONDITION
INSP02245,2025-10-09,SCH0253,1,1,0,1,0,OMKAAR KOTHARI,NO REMARKS
INSP00655,2026-01-13,SCH0121,1,1,1,1,1,YATIN MANN,NO REMARKS
INSP02413,2025-12-05,SCH0157,1,,1,0,0,AISHANI BUMB,NO REMARKS
INSP00412,2025-04-02,SCH0426,1,1,,1,0,ANIRUDH GANESH,NEEDS REPAIR
INSP00901,2025-10-12,SCH0096,1,1,0,1,1,NEEL ROY,NO REMARKS
INSP00178,2025-10-24,SCH0112,1,,0,0,,INAYA BATTA,NEEDS REPAIR
INSP00928,2026-07-03,SCH0085,0,1,1,,1,YASHODA HALDER,NO REMARKS
INSP02887,2025-10-16,SCH0295,1,1,1,0,1,GABRIEL DOCTOR,AVERAGE
INSP02535,2026-02-22,SCH0228,1,1,1,1,0,ZANSI VARTY,TOILETS LOCKED
INSP01821,2025-12-12,SCH0457,1,0,1,,1,DARPAN DARA,TOILETS LOCKED
INSP01000,2025-10-20,SCH0210,1,1,1,,0,JASMIT BORA,TOILETS LOCKED
INSP02345,2025-12-21,SCH0007,1,1,1,1,1,JAGVI BORDE,GOOD CONDITION
INSP00480,2025-04-08,SCH0216,0,0,1,0,0,DAMINI JHA,GOOD CONDITION
INSP00184,2025-06-13,SCH0332,0,1,1,1,0,EKBAL RANGANATHAN,TOILETS LOCKED
INSP00696,2025-06-27,SCH0441,0,1,1,1,1,KRISHNA KALE,AVERAGE
INSP01158,2025-11-04,SCH0489,1,1,1,,0,NEEL DUTTA,TOILETS LOCKED
INSP00671,2025-07-25,SCH0350,0,,1,1,0,VEDA KORPAL,NEEDS REPAIR
INSP00606,2025-07-13,SCH0261,0,1,1,0,,MEKHALA VERMA,NO REMARKS
INSP02272,2025-07-28,SCH0277,1,1,1,1,0,JANAKI SHETTY,NO REMARKS
INSP01799,2025-04-25,SCH0421,1,1,1,,1,WARDA KADE,NO REMARKS
INSP00760,2025-09-21,SCH0181,,1,1,1,,KASHVI CHANDER,GOOD CONDITION
INSP02875,2025-06-03,SCH0239,1,1,1,0,0,ARYA DEY,GOOD CONDITION
INSP00686,2025-12-12,SCH0268,1,1,,1,1,CHANAKYA RAVAL,NEEDS REPAIR
INSP00487,2026-03-19,SCH0291,1,1,1,1,1,AARINI JOSHI,AVERAGE
INSP01579,2025-07-08,SCH0142,1,1,1,1,0,OMAJA BHASIN,NEEDS REPAIR
INSP00394,2025-10-05,SCH0114,1,1,1,1,1,DHRUV JAIN,NEEDS REPAIR
INSP01152,2025-05-27,SCH0430,1,1,,0,1,LABAN DOSHI,NO REMARKS
INSP02029,2026-02-28,SCH0463,1,1,1,1,0,,NEEDS REPAIR
INSP02862,2025-09-30,SCH0350,1,1,1,,1,REYANSH UPPAL,GOOD CONDITION
INSP00163,2025-10-09,SCH0005,0,1,1,0,0,ANVI SANI,AVERAGE
INSP01223,2025-06-15,SCH0325,1,1,1,1,0,GIRIK TELLA,GOOD CONDITION
INSP01916,2025-10-03,SCH0302,0,1,0,1,0,BALVEER BHATT,TOILETS LOCKED
INSP01049,2025-09-05,SCH0416,1,1,1,1,1,LEELA GERA,AVERAGE
INSP00431,2025-08-30,SCH0582,1,1,0,1,1,CHAKRADEV CONTRACTOR,NO REMARKS
INSP01104,2025-10-12,SCH0386,1,1,0,0,,UTKARSH SARIN,GOOD CONDITION
INSP00439,2025-09-05,SCH0279,1,1,1,1,1,RACHANA AGGARWAL,NO REMARKS
INSP01884,2025-09-05,SCH0133,0,1,1,1,0,AARINI SANDAL,NO REMARKS
INSP01226,2026-01-30,SCH0070,,1,1,1,0,NEHA YADAV,AVERAGE
INSP02032,2025-10-13,SCH0497,1,1,1,1,0,YOSHITA KONDA,NO REMARKS
INSP01037,2025-11-13,SCH0322,1,1,1,1,1,KRISH DIVAN,AVERAGE
INSP01076,2025-10-02,SCH0024,0,1,1,1,1,,NO REMARKS
INSP01749,2026-05-02,SCH0301,1,,0,1,,,TOILETS LOCKED
INSP00031,2025-06-06,SCH0159,1,1,0,0,1,NOAH MISRA,AVERAGE
INSP02021,2025-05-06,SCH0019,1,1,0,1,0,FARAS BEHL,NEEDS REPAIR
INSP02103,2025-08-18,SCH0526,1,1,1,1,0,,NO REMARKS
INSP00963,2025-10-18,SCH0375,1,1,,0,,TANVI SETH,NO REMARKS
INSP02285,2026-01-27,SCH0593,1,1,1,0,1,SAUMYA SURI,NO REMARKS
INSP00174,2025-12-15,SCH0093,1,1,1,1,0,VEDIKA CHACKO,TOILETS LOCKED
INSP02213,2025-12-15,SCH0411,0,0,1,0,,GAURIKA BAIL,GOOD CONDITION
INSP00297,2026-01-26,SCH0018,1,1,1,0,1,AYUSH ANNE,NO REMARKS
INSP00326,2026-02-10,SCH0180,1,1,0,1,1,DAKSHA GOLE,NO REMARKS
INSP01290,2025-10-11,SCH0102,1,1,1,1,,NIKITA BARIA,NO REMARKS
INSP00507,2025-11-09,SCH0570,1,1,1,1,1,ANAMIKA PARMAR,AVERAGE
INSP00280,2025-06-29,SCH0138,0,1,1,0,0,TRIYA CHAUDHURI,NO REMARKS
INSP02655,2026-02-20,SCH0117,1,1,0,0,0,AARAV MANNAN,NO REMARKS
INSP02414,2025-08-08,SCH0417,1,1,1,0,1,MASON KARA,AVERAGE
INSP01984,2025-09-14,SCH0383,0,1,1,0,0,ADITYA KAR,NEEDS REPAIR
INSP00813,2025-10-28,SCH0506,1,1,1,1,0,GAUTAM DIVAN,AVERAGE
INSP01217,2025-04-25,SCH0455,0,1,1,0,1,UPASNA RAO,NO REMARKS
INSP02617,2025-05-15,SCH0155,1,0,1,0,0,KABIR BORDE,GOOD CONDITION
INSP00701,2025-11-09,SCH0078,0,1,1,1,1,BENJAMIN JANI,NO REMARKS
INSP00558,2025-08-21,SCH0236,0,0,1,0,1,BALJIWAN YOHANNAN,NO REMARKS
INSP01899,2025-09-21,SCH0184,1,1,1,1,0,MITALI SINGH,NO REMARKS
INSP02518,2025-09-30,SCH0344,1,1,1,0,1,ZAYYAN VARUGHESE,NEEDS REPAIR
INSP01512,2025-11-30,SCH0487,1,1,1,1,,YASHAWINI SETH,GOOD CONDITION
INSP00074,2025-07-18,SCH0365,1,,1,1,1,RAAGINI KRISH,AVERAGE
INSP02255,2025-10-18,SCH0270,1,1,1,1,0,LAVANYA SUBRAMANIAN,TOILETS LOCKED
INSP00049,2025-07-05,SCH0083,1,1,1,1,1,BRIJESH MALLICK,GOOD CONDITION
INSP00603,2026-03-20,SCH0058,1,0,1,0,1,ZINAL KANT,NO REMARKS
INSP00681,2026-01-28,SCH0239,1,1,,1,0,VINAYA DAYAL,NO REMARKS
INSP01452,2025-11-24,SCH0218,1,1,1,0,1,GOPAL SRIDHAR,NO REMARKS
INSP01903,2025-09-24,SCH0056,1,1,1,0,1,AARINI KAPADIA,AVERAGE
INSP02406,2026-01-16,SCH0269,,1,0,1,0,FARIQ GARG,NO REMARKS
INSP01445,2025-11-06,SCH0177,1,1,1,0,1,SHRAVYA SRINIVAS,NO REMARKS
INSP02878,2025-12-23,SCH0317,1,1,0,1,0,DARPAN BALA,TOILETS LOCKED
INSP01578,2025-09-20,SCH0524,0,1,1,0,1,ZAID BRAR,GOOD CONDITION
INSP00403,2025-04-20,SCH0590,1,,1,1,1,ORINDER SARNA,NEEDS REPAIR
INSP01746,2026-02-06,SCH0303,1,0,1,0,0,TARAK RATTAN,NEEDS REPAIR
INSP02755,2025-04-09,SCH0029,1,1,1,1,1,,NEEDS REPAIR
INSP01555,2026-02-15,SCH0078,0,1,1,0,0,AVI OM,GOOD CONDITION
INSP02738,2025-09-12,SCH0201,1,,1,0,0,CHAVVI DATTA,GOOD CONDITION
INSP01212,2025-10-04,SCH0380,1,1,0,1,0,AYUSHMAN SAXENA,TOILETS LOCKED
INSP02561,2025-07-22,SCH0571,0,1,1,1,0,MEKHALA GOYAL,AVERAGE
INSP02270,2026-01-19,SCH0268,1,,0,0,1,INDALI PERI,GOOD CONDITION
INSP02237,2025-12-30,SCH0357,1,1,,1,1,WARDA NAIR,AVERAGE
INSP01513,2026-12-01,SCH0467,1,1,0,1,0,HEMANG KRISHNAMURTHY,AVERAGE
INSP02356,2025-12-07,SCH0030,1,1,1,1,1,ISHANI DOCTOR,NEEDS REPAIR
INSP01875,2025-12-02,SCH0556,1,1,,1,0,URVI LOYAL,NO REMARKS
INSP01012,2025-04-11,SCH0185,1,1,1,1,1,NEHA DOCTOR,AVERAGE
INSP01072,2026-04-03,SCH0258,1,1,0,1,0,DAKSH SARMA,NO REMARKS
INSP00680,2025-12-18,SCH0443,0,1,0,0,0,ETHAN KURIAN,GOOD CONDITION
INSP01712,2025-06-30,SCH0563,0,,1,1,0,LUCKY WADHWA,AVERAGE
INSP00325,2025-03-07,SCH0447,1,0,1,0,1,KRISHNA SAXENA,TOILETS LOCKED
INSP00820,2026-01-16,SCH0307,1,1,1,0,0,RACHITA WABLE,AVERAGE
INSP01489,2025-11-01,SCH0055,1,0,1,1,0,SAMARTH HAYRE,NO REMARKS
INSP01812,2026-01-29,SCH0434,1,1,1,0,1,ARYA DARA,GOOD CONDITION
INSP00811,2025-10-29,SCH0585,0,0,0,1,1,CHASMUM VYAS,NO REMARKS
INSP01973,2025-11-28,SCH0396,1,0,1,1,1,SATHVIK ACHARYA,NO REMARKS
INSP02840,2025-04-18,SCH0232,1,1,1,0,1,,NEEDS REPAIR
INSP02212,2026-03-29,SCH0046,1,1,1,1,,EKANTIKA MANNE,NO REMARKS
INSP01129,2025-11-16,SCH0032,1,0,1,0,1,HARISH VOHRA,NEEDS REPAIR
INSP00502,2025-06-07,SCH0297,1,1,1,0,1,,NO REMARKS
INSP02642,2025-08-13,SCH0003,1,,1,0,0,BHAVINI WAGLE,TOILETS LOCKED
INSP02125,2025-11-08,SCH0076,1,1,1,1,1,GUNEET WALI,NO REMARKS
INSP02828,2025-07-05,SCH0126,0,0,1,0,0,ELIJAH SEN,AVERAGE
INSP00240,2025-11-07,SCH0029,1,0,1,1,1,VANYA SEM,NO REMARKS
INSP00762,2025-05-16,SCH0543,0,1,1,0,0,,GOOD CONDITION
INSP01717,2025-12-15,SCH0390,0,1,1,,1,CHANDRAN KAPADIA,GOOD CONDITION
INSP01229,2025-03-08,SCH0125,1,1,,0,1,PRISHA BHAT,AVERAGE
INSP01473,2025-10-16,SCH0221,1,1,1,1,1,ARUNIMA THAKKAR,AVERAGE
INSP00953,2025-10-27,SCH0133,1,1,1,0,1,OESHI BHATIA,NO REMARKS
INSP01262,2025-07-22,SCH0195,1,1,0,1,1,JOSHUA SASTRY,TOILETS LOCKED
INSP02307,2026-03-22,SCH0141,1,0,1,0,1,MAYA BEHL,AVERAGE
INSP01654,2025-04-11,SCH0554,,1,0,1,0,PRANEEL JANI,AVERAGE
INSP01045,2026-02-15,SCH0366,0,1,0,1,1,EKTA GOEL,AVERAGE
INSP01478,2026-01-16,SCH0502,0,1,1,,,ABHA MEMON,NO REMARKS
INSP00512,2026-03-02,SCH0467,,0,0,1,1,UDYATI KOSHY,NO REMARKS
INSP01361,2026-03-26,SCH0572,1,1,0,1,0,BHAVANI PRABHAKAR,NEEDS REPAIR
INSP02141,2025-10-15,SCH0513,0,1,1,1,1,EKAJA BAL,NO REMARKS
INSP00841,2026-03-08,SCH0044,1,1,1,1,0,,NO REMARKS
INSP02176,2026-02-22,SCH0155,1,1,1,1,0,NETRA SULE,NO REMARKS
INSP01831,2025-12-10,SCH0181,,1,1,1,0,VRINDA COMAR,GOOD CONDITION
INSP02769,2025-11-21,SCH0018,1,0,1,0,0,QARIN DHINGRA,NO REMARKS
INSP00638,2025-09-23,SCH0120,1,1,1,1,1,TANVI GABA,GOOD CONDITION
INSP01950,2025-09-29,SCH0080,1,0,0,0,1,ZINAL BUCH,NO REMARKS
INSP02954,2025-04-07,SCH0065,1,1,1,1,1,NISHA MANDA,NEEDS REPAIR
INSP01722,2026-02-07,SCH0268,1,1,1,1,1,RIDHI AHUJA,GOOD CONDITION
INSP00600,2025-05-26,SCH0008,0,1,1,1,1,ZAYYAN OM,NO REMARKS
INSP01475,2025-12-21,SCH0235,1,1,,1,1,ANITA ACHARYA,GOOD CONDITION
INSP02135,2026-03-17,SCH0131,1,0,1,1,1,SNEHA SHANKER,NO REMARKS
INSP02602,2025-11-11,SCH0514,1,0,1,0,,,NO REMARKS
INSP00109,2025-01-09,SCH0002,1,1,1,1,0,SAI SARMA,GOOD CONDITION
INSP02401,2025-02-07,SCH0117,1,0,1,0,,,NO REMARKS
INSP01583,2025-12-01,SCH0590,1,0,1,0,0,GUNEET PAI,AVERAGE
INSP00319,2026-01-22,SCH0477,,1,1,1,0,LADLI BUCH,GOOD CONDITION
INSP02983,2026-03-20,SCH0229,1,1,1,0,0,,GOOD CONDITION
INSP02725,2026-03-23,SCH0281,1,1,1,1,1,,NEEDS REPAIR
INSP01095,2025-04-17,SCH0469,1,1,1,1,1,RONITH KAKAR,NEEDS REPAIR
INSP01695,2025-05-25,SCH0577,0,1,1,,0,CHAAYA BOASE,GOOD CONDITION
INSP00569,2025-06-15,SCH0449,0,1,0,0,0,VASANA DUGAR,NO REMARKS
INSP02687,2025-12-26,SCH0202,1,1,1,0,1,WIDISHA BHATTI,NEEDS REPAIR
INSP02298,2025-11-27,SCH0085,1,1,1,1,,MADHAVI TALWAR,NEEDS REPAIR
INSP02872,2025-10-01,SCH0148,1,1,1,1,1,FIYAZ PURI,NO REMARKS
INSP01546,2025-06-29,SCH0052,0,1,1,0,0,HEMANG DAR,NEEDS REPAIR
INSP02974,2026-02-19,SCH0569,1,1,1,1,,GUNBIR KHARE,GOOD CONDITION
INSP01925,2026-02-06,SCH0393,1,1,0,1,0,GAURANG PANDEY,TOILETS LOCKED
INSP02692,2025-04-06,SCH0189,,1,1,0,1,WATIKA TOOR,AVERAGE
INSP02805,2025-05-10,SCH0337,1,1,1,0,0,,GOOD CONDITION
INSP01469,2025-09-21,SCH0230,1,1,1,1,1,JANYA BARAL,AVERAGE
INSP00057,2025-06-30,SCH0456,1,,0,1,0,WRIDDHISH MERCHANT,NO REMARKS
INSP01789,2026-01-21,SCH0547,1,1,1,1,1,QUINCY THAKER,NO REMARKS
INSP02275,2026-03-27,SCH0474,1,1,1,1,0,ZAYAN VIG,TOILETS LOCKED
INSP02131,2025-05-26,SCH0354,1,1,1,0,0,CHARLES PRASHAD,NO REMARKS
INSP02197,2025-08-02,SCH0131,,1,1,1,0,DHRITI KANDA,NEEDS REPAIR
INSP00469,2025-05-19,SCH0416,1,1,0,0,1,ISHA SOLANKI,AVERAGE
INSP01886,2026-02-17,SCH0564,1,1,1,0,1,VINAYA NAGAR,NO REMARKS
INSP00941,2025-10-24,SCH0310,1,1,1,0,0,GIRIK BUTALA,NO REMARKS
INSP00536,2025-06-24,SCH0141,1,1,1,0,1,OMISHA SANKARAN,TOILETS LOCKED
INSP01428,2026-01-21,SCH0140,1,1,1,1,1,KAVYA LALL,AVERAGE
INSP00555,2025-08-16,SCH0197,1,1,0,0,,YASHODHARA MAMMEN,NEEDS REPAIR
INSP02621,2025-04-26,SCH0101,1,1,1,0,0,EKANTIKA OOMMEN,AVERAGE
INSP02211,2025-06-02,SCH0566,1,1,1,0,0,RAJESHRI MOHAN,TOILETS LOCKED
INSP02536,2026-02-14,SCH0466,1,1,0,,0,FORUM SACHDEV,NO REMARKS
INSP00692,2025-04-10,SCH0355,1,1,1,1,,ISAIAH BALI,NO REMARKS
INSP00070,2026-02-15,SCH0496,0,1,1,0,1,VASANA MAHAJAN,GOOD CONDITION
INSP02764,2026-02-26,SCH0433,,0,1,0,1,OMYA KARAN,AVERAGE
INSP01740,2025-07-20,SCH0394,,1,1,0,0,HEMA KHOSLA,NO REMARKS
INSP00437,2026-03-18,SCH0438,1,,1,1,1,JAGAT SAWHNEY,GOOD CONDITION
INSP02122,2025-08-12,SCH0553,0,0,1,1,0,LIAM TATA,NEEDS REPAIR
INSP00267,2025-12-26,SCH0482,1,1,1,0,0,MANTHAN MAHARAJ,NEEDS REPAIR
INSP01004,2026-03-29,SCH0145,1,1,1,1,1,CHATURA BEN,TOILETS LOCKED
INSP01254,2025-07-19,SCH0379,1,1,1,,1,ANMOL PURI,NEEDS REPAIR
INSP00566,2025-04-04,SCH0304,,1,0,0,1,ISAIAH NAYAR,NEEDS REPAIR
INSP00314,2025-07-27,SCH0189,1,1,0,1,1,,GOOD CONDITION
INSP00234,2025-11-24,SCH0340,1,1,1,1,0,,NO REMARKS
INSP02381,2025-12-07,SCH0273,1,1,1,,0,SAMESH BALA,GOOD CONDITION
INSP00735,2025-08-06,SCH0481,1,1,1,1,0,ARYAN SETH,NO REMARKS
INSP01378,2025-04-10,SCH0030,1,1,1,0,0,MAHIKA SARKAR,NEEDS REPAIR
INSP00112,2025-06-30,SCH0399,1,1,0,1,0,ANUSHA KALITA,NEEDS REPAIR
INSP01345,2025-11-05,SCH0236,1,1,1,1,0,ISHITA DEEP,NO REMARKS
INSP01506,2025-04-16,SCH0055,1,0,1,1,0,ADVIKA AHUJA,NO REMARKS
INSP01053,2025-04-04,SCH0468,1,1,1,1,0,CHAMELI GOUR,NO REMARKS
INSP02321,2025-07-11,SCH0528,1,1,0,,1,BALENDRA SAXENA,GOOD CONDITION
INSP02043,2025-12-21,SCH0141,0,1,1,0,0,ALEXANDER SAMI,TOILETS LOCKED
INSP00473,2025-08-14,SCH0183,1,1,1,0,0,HENRY HAYRE,NEEDS REPAIR
INSP01377,2025-11-12,SCH0389,0,1,1,1,,DALBIR KEER,NO REMARKS
INSP01614,2025-06-10,SCH0483,1,1,1,0,0,EKTA KARI,GOOD CONDITION
INSP01178,2025-07-13,SCH0211,1,1,1,1,0,AISHANI BEHL,NO REMARKS
INSP01753,2025-06-25,SCH0344,1,,1,1,1,DALBIR PATEL,NEEDS REPAIR
INSP01374,2026-02-20,SCH0430,1,1,0,1,0,QUSHI BHANDARI,NO REMARKS
INSP02210,2025-05-23,SCH0214,1,1,1,0,1,OESHI KURUVILLA,TOILETS LOCKED
INSP01341,2025-09-21,SCH0238,1,0,1,0,0,QABIL DUBEY,NEEDS REPAIR
INSP00747,2025-11-27,SCH0027,1,1,1,1,1,DARSH RAJA,NO REMARKS
INSP02003,2025-10-18,SCH0009,1,1,1,0,,ARADHANA PARMAR,TOILETS LOCKED
INSP01300,2025-12-28,SCH0084,0,1,1,0,1,UPMA CHANDER,NEEDS REPAIR
INSP00362,2026-01-04,SCH0386,1,0,1,1,0,,NO REMARKS
INSP00136,2025-11-24,SCH0281,1,1,1,1,0,BANJEET RAJAGOPALAN,NEEDS REPAIR
INSP01591,2025-11-08,SCH0032,1,1,1,1,1,MANAN TRIPATHI,NO REMARKS
INSP02286,2025-05-28,SCH0150,1,1,0,1,1,,AVERAGE
INSP00860,2026-01-10,SCH0343,0,1,0,1,0,AADI JOHAL,GOOD CONDITION
INSP02380,2026-01-06,SCH0332,1,1,1,1,0,GIRIK NARAIN,NO REMARKS
INSP00367,2025-09-07,SCH0321,0,0,1,0,,UDYATI GARDE,NO REMARKS
INSP01867,2025-07-15,SCH0459,1,0,1,1,1,OSHA CHAUDHARY,NEEDS REPAIR
INSP00030,2026-01-08,SCH0484,1,1,1,1,,PANINI CHOUDHARY,NEEDS REPAIR
INSP02632,2026-02-18,SCH0051,1,0,1,0,0,UPMA BIR,TOILETS LOCKED
INSP00023,2025-07-26,SCH0082,1,1,1,1,1,,NEEDS REPAIR
INSP02507,2025-04-19,SCH0501,1,1,1,0,1,ABEER PINGLE,AVERAGE
INSP01134,2025-01-07,SCH0284,1,1,1,0,1,,NO REMARKS
INSP01035,2026-02-27,SCH0442,1,1,1,0,1,NIRJA CHERIAN,AVERAGE
INSP00421,2025-07-07,SCH0273,,1,1,1,0,OM SHAH,GOOD CONDITION
INSP01538,2026-11-03,SCH0496,1,1,0,0,0,LUCKY PRABHU,GOOD CONDITION
INSP00461,2025-10-12,SCH0399,0,1,0,0,1,BHANUMATI BALASUBRAMANIAN,NO REMARKS
INSP00044,2025-09-28,SCH0456,1,1,1,0,0,GIRINDRA CHANA,NEEDS REPAIR
INSP00088,2025-11-23,SCH0282,0,0,1,,1,YUVRAJ BHARGAVA,GOOD CONDITION
INSP00930,2025-10-12,SCH0012,1,1,0,1,1,WATIKA SUBRAMANIAM,NO REMARKS
INSP01125,2026-01-18,SCH0530,1,1,1,1,1,GAURI CHAUDRY,NO REMARKS
INSP01772,2025-04-11,SCH0231,1,0,1,1,1,INDIRA WALI,TOILETS LOCKED
INSP01018,2026-01-07,SCH0531,1,1,1,1,1,UDANT KUMER,NEEDS REPAIR
INSP00283,2026-02-28,SCH0486,1,1,0,0,,ABHIRAM SINGH,NO REMARKS
INSP00694,2025-05-14,SCH0341,1,1,1,1,0,MAYA SARAF,AVERAGE
INSP01942,2026-02-12,SCH0137,1,1,1,1,0,REYANSH KATA,AVERAGE
INSP02910,2025-09-06,SCH0070,1,1,0,1,1,KRISHA TAILOR,TOILETS LOCKED
INSP02990,2026-03-08,SCH0521,1,1,,1,0,UPMA SOMAN,NEEDS REPAIR
INSP02112,2025-09-28,SCH0265,0,1,1,1,1,JHALAK VIG,TOILETS LOCKED
INSP00534,2025-12-24,SCH0219,1,1,1,1,,AADI MUKHOPADHYAY,TOILETS LOCKED
INSP01179,2025-06-19,SCH0336,1,1,1,,,EKANTIKA CHAR,NO REMARKS
INSP02581,2026-11-01,SCH0014,1,1,1,0,1,DAVID DYAL,NO REMARKS
INSP00790,2025-02-05,SCH0457,,1,1,1,0,,AVERAGE
INSP02482,2025-07-03,SCH0513,1,1,1,1,1,LEENA MOHAN,TOILETS LOCKED
INSP02516,2025-10-24,SCH0293,1,1,1,0,,SAMAKSH THAKKAR,NO REMARKS
INSP02228,2025-07-28,SCH0210,1,1,1,1,0,DOMINIC SALVI,AVERAGE
INSP00875,2025-06-18,SCH0146,1,1,1,1,0,DIYA SURESH,NO REMARKS
INSP00766,2026-02-20,SCH0268,1,1,1,1,1,AYUSH BAKSHI,NEEDS REPAIR
INSP01042,2026-02-21,SCH0330,1,1,1,0,1,GAUTAMI GANGULY,GOOD CONDITION
INSP00791,2025-07-28,SCH0466,0,1,1,0,,ISHANVI KHATRI,NO REMARKS
INSP02816,2025-09-27,SCH0503,1,1,1,1,1,WARDA CHANDER,NO REMARKS
INSP01566,2025-06-14,SCH0298,1,1,1,1,0,SATHVIK MALLICK,GOOD CONDITION
INSP02311,2026-02-27,SCH0090,1,1,1,1,,ABHIMANYU SRINIVASAN,NO REMARKS
INSP02190,2025-11-17,SCH0600,1,1,1,0,0,SANYA GOKHALE,AVERAGE
INSP02305,2025-07-07,SCH0151,1,1,0,0,0,NITARA DEVI,GOOD CONDITION
INSP02989,2025-04-20,SCH0380,0,1,1,1,0,ADVIKA MITRA,NO REMARKS
INSP00222,2025-10-13,SCH0015,1,1,1,,1,WARJAS GODA,NO REMARKS
INSP00544,2025-08-06,SCH0233,1,1,1,1,0,AMARA TIWARI,NO REMARKS
INSP01424,2025-01-08,SCH0354,0,0,1,1,0,NIKITA SAMPATH,NO REMARKS
INSP02259,2025-06-29,SCH0136,1,1,1,1,0,VEDANT PRASHAD,NEEDS REPAIR
INSP00706,2025-10-02,SCH0307,1,1,1,0,,VINCENT SINGH,AVERAGE
INSP02466,2025-09-10,SCH0421,1,1,1,0,0,ARYA PAL,NEEDS REPAIR
INSP01007,2025-08-20,SCH0410,1,1,1,,0,DARSH LALA,NO REMARKS
INSP01794,2025-12-08,SCH0208,1,1,1,0,1,EKANI RAJAGOPAL,AVERAGE
INSP02782,2025-10-05,SCH0592,1,0,1,1,1,ANMOL PALLA,NEEDS REPAIR
INSP02930,2026-02-27,SCH0288,1,,1,,1,PETER LALA,NEEDS REPAIR
INSP00979,2025-04-08,SCH0488,1,1,1,0,0,SHAURYA KRISHNAN,NEEDS REPAIR
INSP01905,2025-09-22,SCH0562,1,1,1,0,0,GANGA BAHRI,NEEDS REPAIR
INSP01799,2025-04-25,SCH0421,1,1,1,,1,WARDA KADE,NO REMARKS
INSP00273,2025-08-09,SCH0413,1,0,1,0,1,EIRAVATI GARA,NO REMARKS
INSP00522,2025-12-24,SCH0509,1,1,1,0,1,JASON SWAMY,NEEDS REPAIR
INSP00523,2025-10-15,SCH0419,1,1,0,1,0,GAGAN ACHARYA,GOOD CONDITION
INSP00437,2026-03-18,SCH0438,1,,1,1,1,JAGAT SAWHNEY,GOOD CONDITION
INSP01069,2025-08-30,SCH0439,1,1,1,1,1,QADIM BARAD,NEEDS REPAIR
INSP02068,2025-07-01,SCH0378,1,1,1,0,1,TANAY VALA,NO REMARKS
INSP00351,2025-08-19,SCH0141,0,1,1,1,,RACHIT DAS,NO REMARKS
INSP02248,2025-12-18,SCH0306,1,1,0,0,0,YATAN SANDAL,GOOD CONDITION
INSP01850,2025-07-24,SCH0161,1,0,1,0,0,NISHA DATTA,NEEDS REPAIR
INSP02439,2025-10-31,SCH0212,1,1,1,0,1,CHAKRADHAR KOHLI,GOOD CONDITION
INSP00652,2025-05-08,SCH0276,1,1,1,1,1,,NO REMARKS
INSP01808,2025-09-19,SCH0007,1,1,1,0,1,MUGDHA JAYARAMAN,TOILETS LOCKED
INSP02726,2026-03-02,SCH0314,0,1,0,1,1,WARHI SHETTY,NEEDS REPAIR
INSP02528,2025-10-27,SCH0096,0,1,1,1,1,URVI CHAUDHRY,NO REMARKS
INSP01346,2025-08-29,SCH0341,1,1,0,1,0,SAMAR KEER,TOILETS LOCKED
INSP01079,2025-11-05,SCH0420,0,1,1,1,0,RISHI MANI,NO REMARKS
INSP02745,2026-01-21,SCH0436,1,1,1,0,0,JANYA JAYARAMAN,TOILETS LOCKED
INSP00169,2025-11-04,SCH0373,1,1,1,1,0,SAMUEL BARAD,GOOD CONDITION
INSP02636,2026-01-02,SCH0209,1,1,1,1,1,FARIQ SAMRA,NO REMARKS
INSP02604,2025-04-14,SCH0411,1,1,1,1,1,ANAY KARAN,NO REMARKS
INSP02924,2025-07-18,SCH0042,0,1,1,1,0,MANTHAN BALI,GOOD CONDITION
INSP02070,2025-07-27,SCH0344,1,1,1,0,1,REYANSH NARAYANAN,AVERAGE
INSP02324,2025-08-13,SCH0493,1,0,0,0,1,ATI WAGLE,AVERAGE
INSP01934,2025-05-25,SCH0404,0,1,0,1,1,WAHAB CHAUDHRY,AVERAGE
INSP01638,2026-01-21,SCH0392,0,0,1,1,0,KEYA JAIN,GOOD CONDITION
INSP01838,2025-08-30,SCH0579,1,1,1,0,1,PETER VARKEY,AVERAGE
INSP01376,2025-07-23,SCH0513,1,1,1,1,1,TEJAS PATLA,GOOD CONDITION
INSP02354,2025-09-25,SCH0484,0,1,1,0,,CHARLES PATLA,NO REMARKS
INSP00220,2025-06-23,SCH0228,1,1,,1,0,AYUSH CHADA,NO REMARKS
INSP00368,2025-06-04,SCH0445,1,1,1,1,0,,TOILETS LOCKED
INSP02804,2025-04-08,SCH0220,,1,1,1,1,PUSHTI WAGLE,NO REMARKS
INSP00950,2025-12-28,SCH0446,1,1,1,1,0,VARENYA RAMASWAMY,NO REMARKS
INSP02399,2026-01-27,SCH0077,1,,1,0,0,ANAMIKA PAREKH,NO REMARKS
INSP02253,2026-02-13,SCH0533,0,1,1,1,0,,NEEDS REPAIR
INSP01457,2025-10-17,SCH0334,0,1,0,1,0,YAUVANI GADE,NO REMARKS
INSP00352,2025-04-27,SCH0196,1,1,1,1,0,CHARITA KANT,NEEDS REPAIR
INSP01098,2026-01-29,SCH0340,0,1,,,0,THEODORE CHAUDHARI,NO REMARKS
INSP01264,2025-06-25,SCH0083,1,1,1,0,0,,NO REMARKS
INSP02239,2025-06-19,SCH0190,0,1,1,1,1,YATAN IYENGAR,NEEDS REPAIR
INSP00491,2025-06-29,SCH0218,,1,1,0,1,ZASHIL NARANG,NO REMARKS
INSP02827,2025-10-16,SCH0196,1,1,0,1,0,MEKHALA WADHWA,GOOD CONDITION
INSP02494,2026-09-03,SCH0516,1,1,1,0,1,NATHANIEL DAS,TOILETS LOCKED
INSP00499,2025-04-24,SCH0447,0,1,1,1,,QABIL VARTY,NO REMARKS
INSP02789,2025-01-09,SCH0100,1,1,1,1,0,ALKA PRABHU,NO REMARKS
INSP00211,2026-09-02,SCH0164,1,1,0,0,0,EKAPAD KULKARNI,NEEDS REPAIR
INSP00898,2025-03-07,SCH0006,0,0,0,1,1,WARDA BASAK,NEEDS REPAIR
INSP01205,2026-02-12,SCH0352,1,1,1,1,,WAKEETA DAR,NO REMARKS
INSP00651,2025-12-31,SCH0206,1,1,0,1,0,HENRY OM,NEEDS REPAIR
INSP00228,2026-03-23,SCH0168,1,1,1,1,1,,NO REMARKS
INSP00366,2026-02-20,SCH0238,1,1,1,1,0,IRA BHAGAT,NO REMARKS
INSP02223,2025-06-10,SCH0369,0,1,0,1,0,,NO REMARKS
INSP00277,2026-02-17,SCH0318,1,1,1,1,1,ROBERT TANDON,GOOD CONDITION
INSP02099,2025-05-14,SCH0073,1,1,1,1,0,JANAKI KULKARNI,AVERAGE
INSP01114,2025-11-19,SCH0431,1,0,1,0,1,MITESH BAINS,TOILETS LOCKED
INSP00737,2026-01-12,SCH0465,1,1,1,1,1,SIDDHARTH KAKAR,NO REMARKS
INSP02575,2026-01-07,SCH0335,1,1,1,0,0,LAKSH NAYAK,AVERAGE
INSP01994,2025-08-12,SCH0017,0,1,1,0,0,,NO REMARKS
INSP00408,2025-09-06,SCH0411,0,1,1,0,1,EESHA KHALSA,NEEDS REPAIR
INSP02417,2025-03-04,SCH0482,1,0,1,1,1,DEVANSH SATHE,NEEDS REPAIR
INSP02506,2025-05-01,SCH0521,1,1,1,1,0,XALAK DIXIT,AVERAGE
INSP02458,2026-01-17,SCH0411,1,1,0,,0,ALEXANDER VARUGHESE,AVERAGE
INSP02247,2025-06-03,SCH0378,,1,0,0,0,JACKSON SINHA,NO REMARKS
INSP01666,2025-12-27,SCH0199,1,1,0,0,0,DIYA SAINI,NO REMARKS
INSP02531,2025-07-06,SCH0580,1,1,1,1,0,AZAD SENGUPTA,NO REMARKS
INSP01771,2025-08-11,SCH0085,1,,,1,0,AZAAN RAMANATHAN,TOILETS LOCKED
INSP00008,2025-06-04,SCH0059,1,1,1,1,0,FALAK KARPE,GOOD CONDITION
INSP01492,2025-12-12,SCH0268,0,0,1,1,,,NO REMARKS
INSP01533,2025-05-30,SCH0032,1,1,1,1,0,CHARLES SAGAR,AVERAGE
INSP01801,2025-09-26,SCH0417,1,1,1,1,0,BARKHA UPADHYAY,NEEDS REPAIR
INSP00416,2025-07-22,SCH0024,,1,1,1,0,JASON KANNAN,NEEDS REPAIR
INSP01607,2026-01-21,SCH0064,1,,1,1,1,JASMIT KURIAN,AVERAGE
INSP00840,2025-08-30,SCH0226,1,1,1,,1,OMISHA DUA,TOILETS LOCKED
INSP01763,2025-07-02,SCH0420,1,1,0,0,1,,GOOD CONDITION
INSP00865,2026-01-11,SCH0583,0,1,0,0,1,ATHARV DARA,AVERAGE
INSP00200,2025-11-26,SCH0193,1,1,1,1,0,OVIYA KEER,AVERAGE
INSP01117,2025-09-23,SCH0413,1,1,1,0,0,VARSHA MOHANTY,NO REMARKS
INSP00284,2025-04-24,SCH0493,0,1,0,0,1,BHAVANI TAK,NO REMARKS
INSP00232,2026-10-01,SCH0433,1,1,0,1,0,JAIRAJ D’ALIA,AVERAGE
INSP02992,2026-03-22,SCH0015,0,1,1,0,0,MEGHA KEER,NO REMARKS
INSP01081,2025-04-10,SCH0226,1,1,1,1,0,VRITTI BHALLA,TOILETS LOCKED
INSP00097,2025-11-07,SCH0429,1,1,1,1,1,ABHIRAM KAPADIA,AVERAGE
INSP01508,2025-07-29,SCH0310,1,1,1,0,1,VIDHI BUTALA,GOOD CONDITION
INSP02760,2025-10-09,SCH0170,1,1,1,1,1,ANMOL VENKATARAMAN,NO REMARKS
INSP01813,2025-12-14,SCH0532,1,1,1,0,1,HEMANI LAD,NO REMARKS
INSP02936,2025-08-14,SCH0151,1,1,1,0,0,OJAS GOLA,TOILETS LOCKED
INSP01201,2025-12-06,SCH0297,1,0,1,0,0,SAMAR BHATT,NO REMARKS
INSP02587,2025-04-24,SCH0338,1,1,0,1,1,DAVID SHANKER,NO REMARKS
INSP01412,2025-08-05,SCH0596,0,1,1,0,0,SAI BHASIN,AVERAGE
INSP02720,2026-12-03,SCH0294,1,1,1,1,1,JANANI KEER,AVERAGE
INSP02556,2025-11-17,SCH0524,1,1,1,0,1,JAGAT KADE,NO REMARKS
INSP01890,2025-09-21,SCH0312,1,1,1,0,0,SAMAKSH KANT,NO REMARKS
INSP00105,2025-07-28,SCH0086,,1,1,1,1,MAYA TELLA,NO REMARKS
INSP02350,2025-09-29,SCH0094,1,1,1,1,1,,NEEDS REPAIR
INSP01928,2025-07-19,SCH0096,1,1,1,1,1,SAI KARAN,NO REMARKS
INSP02715,2025-05-10,SCH0239,0,1,1,1,1,ANVI GARA,NEEDS REPAIR
INSP01124,2026-01-31,SCH0364,,1,0,1,1,GAVIN MALL,NO REMARKS
INSP02009,2025-11-12,SCH0146,1,1,1,1,1,VRINDA RATTA,NO REMARKS
INSP00806,2025-12-28,SCH0231,0,1,1,0,0,,GOOD CONDITION
INSP02409,2026-03-15,SCH0182,1,1,1,1,0,RIYA DEWAN,NO REMARKS
INSP02582,2026-03-23,SCH0500,1,1,1,0,,MAYA MAMMEN,NO REMARKS
INSP00745,2025-09-20,SCH0264,1,1,1,1,1,IJAYA RAMESH,NO REMARKS
INSP00227,2025-12-07,SCH0420,1,1,1,0,1,BHAVIKA GANDHI,NEEDS REPAIR
INSP01222,2025-11-10,SCH0556,0,1,0,1,0,,NO REMARKS
INSP01293,2025-11-20,SCH0385,1,1,1,1,0,WYATT DOCTOR,TOILETS LOCKED
INSP02421,2025-11-20,SCH0110,0,1,0,1,0,YASH SAGAR,NEEDS REPAIR
INSP00323,2025-02-10,SCH0316,1,1,1,0,0,RAKSHA JAIN,GOOD CONDITION
INSP02092,2026-03-30,SCH0466,1,1,1,0,0,MAANAV GOUR,NEEDS REPAIR
INSP01030,2026-11-03,SCH0547,1,1,1,0,0,VEDHIKA SAHA,AVERAGE
INSP00890,2025-09-20,SCH0423,0,1,1,0,1,,NO REMARKS
INSP01617,2026-02-28,SCH0432,1,1,1,0,1,CHANCHAL BHARDWAJ,AVERAGE
INSP01111,2026-04-01,SCH0438,1,1,1,0,0,AVNI KURUVILLA,NO REMARKS
INSP02116,2025-07-14,SCH0215,1,1,1,0,0,PAVANI SAINI,NEEDS REPAIR
INSP00271,2026-01-12,SCH0240,1,1,1,1,0,TIMOTHY GHOSH,TOILETS LOCKED
INSP02763,2025-11-05,SCH0330,0,1,1,1,0,ISHA WALIA,NO REMARKS
INSP01043,2025-10-28,SCH0379,1,1,1,1,1,,NO REMARKS
INSP01777,2025-06-04,SCH0080,1,1,1,1,1,ZAITRA KEER,NEEDS REPAIR
INSP00465,2025-09-07,SCH0211,1,0,1,1,0,,NEEDS REPAIR
INSP00882,2025-02-04,SCH0313,1,,1,1,,HARDIK GUHA,NO REMARKS
INSP02156,2025-04-28,SCH0302,,1,1,0,0,AADHYA BARAL,GOOD CONDITION
INSP00863,2025-06-22,SCH0195,0,1,1,1,1,CALEB THAMAN,GOOD CONDITION
INSP01423,2025-07-04,SCH0416,1,1,1,0,0,GEETIKA GARDE,AVERAGE
INSP02255,2025-10-18,SCH0270,1,1,1,1,0,LAVANYA SUBRAMANIAN,TOILETS LOCKED
INSP00773,2025-09-09,SCH0413,1,1,1,0,1,VIDHI KARPE,TOILETS LOCKED
INSP01768,2025-11-26,SCH0544,1,1,1,,0,PRANIT DEEP,NEEDS REPAIR
INSP01065,2025-06-27,SCH0074,1,1,0,1,0,JALSA GOKHALE,GOOD CONDITION
INSP00213,2025-05-23,SCH0284,1,1,1,0,0,VASUDHA BAL,NO REMARKS
INSP00013,2026-01-05,SCH0345,,1,1,1,0,ADVIK EDWIN,NO REMARKS
INSP02568,2026-01-24,SCH0356,1,1,0,1,1,MAHIKA SWAMINATHAN,NO REMARKS
INSP00423,2025-10-17,SCH0321,0,1,,0,1,SATHVIK BALASUBRAMANIAN,AVERAGE
INSP02368,2025-05-09,SCH0384,1,1,1,1,1,ZINAL CHAUDHARY,TOILETS LOCKED
INSP01054,2025-06-22,SCH0476,1,,0,1,,VARENYA RAMAKRISHNAN,NEEDS REPAIR
INSP01230,2025-07-10,SCH0456,1,1,0,1,1,LILA CONTRACTOR,NO REMARKS
INSP01456,2026-03-11,SCH0323,1,1,1,1,0,,TOILETS LOCKED
INSP00742,2025-06-11,SCH0455,0,,1,0,1,OVIYA PANCHAL,NEEDS REPAIR
INSP02776,2025-07-09,SCH0139,1,1,1,0,1,LAKSHIT SUR,NO REMARKS
INSP02700,2026-03-17,SCH0252,1,1,1,1,0,RACHITA RANA,NEEDS REPAIR
INSP02329,2026-03-13,SCH0596,1,0,1,1,0,BALJIWAN MANI,NO REMARKS
INSP00799,2026-01-19,SCH0035,0,1,,1,0,MEGHA SANGHVI,AVERAGE
INSP01432,2025-05-20,SCH0057,1,0,1,1,1,HAMSINI DUGAR,TOILETS LOCKED
INSP02427,2025-09-11,SCH0074,0,1,0,1,0,POOJA KUNDA,NEEDS REPAIR
INSP00510,2025-05-08,SCH0101,0,1,1,1,1,RADHA SUNDER,AVERAGE
INSP00645,2025-10-18,SCH0589,1,1,0,1,0,AMAIRA PADMANABHAN,AVERAGE
INSP00598,2025-10-06,SCH0276,1,1,1,,0,NIHARIKA PILLAI,NEEDS REPAIR
INSP02714,2025-07-10,SCH0592,0,1,0,0,,ANDREW BATTA,GOOD CONDITION
INSP01162,2025-05-28,SCH0527,1,1,1,1,0,SATHVIK LALA,AVERAGE
INSP01362,2025-07-13,SCH0206,0,0,1,0,,VRITTI SOM,NO REMARKS
INSP00858,2025-07-05,SCH0189,,1,1,1,1,IMARAN MOHAN,NO REMARKS
INSP02780,2025-12-12,SCH0072,1,1,,0,0,CHARITA MANGAT,NO REMARKS
INSP00519,2025-07-27,SCH0309,1,,1,0,1,,NO REMARKS
INSP00965,2025-07-02,SCH0287,1,1,1,1,1,KASHISH SANKARAN,TOILETS LOCKED
INSP02968,2025-10-04,SCH0074,1,0,0,0,1,KAVYA SHAN,NO REMARKS
INSP00574,2025-08-17,SCH0434,1,1,,1,1,YASHASVI MORE,NO REMARKS
INSP00103,2026-02-24,SCH0022,1,1,1,1,1,NETRA RAM,AVERAGE
INSP02865,2025-04-27,SCH0095,0,1,0,1,1,ISAIAH RASTOGI,AVERAGE
INSP02544,2025-05-10,SCH0046,1,1,1,1,1,,NO REMARKS
INSP02107,2025-12-27,SCH0459,1,1,1,0,1,FITAN DEVAN,NEEDS REPAIR
INSP02754,2025-12-10,SCH0363,0,1,1,1,0,VANSHA BUCH,GOOD CONDITION
INSP01308,2025-07-15,SCH0173,1,1,0,1,1,JACK SUBRAMANIAN,NO REMARKS
INSP01587,2025-04-18,SCH0254,1,1,1,,1,RYAN SRINIVASAN,NEEDS REPAIR
INSP00124,2025-12-18,SCH0515,0,0,1,1,0,DEEPA PARMAR,AVERAGE
INSP01498,2025-10-26,SCH0324,1,1,1,0,0,ADVIK LATA,NO REMARKS
INSP00221,2025-07-19,SCH0090,1,1,1,0,1,FINN RANGANATHAN,NEEDS REPAIR
INSP00204,2025-09-06,SCH0590,1,1,0,1,1,JACOB MANI,NO REMARKS
INSP00359,2025-02-09,SCH0288,0,1,1,0,1,IRYA BHATNAGAR,NO REMARKS
INSP02530,2025-04-13,SCH0084,1,1,1,0,1,AMAIRA UPADHYAY,NEEDS REPAIR
INSP02777,2025-10-22,SCH0270,1,1,0,1,0,ADVIKA CHACKO,NO REMARKS
INSP02113,2025-05-14,SCH0325,1,1,1,1,0,KIAAN WABLE,TOILETS LOCKED
INSP01796,2026-03-26,SCH0041,1,1,1,0,0,HITESH ATWAL,GOOD CONDITION
INSP01698,2025-12-29,SCH0552,1,1,0,1,0,CHAKRADEV SENGUPTA,AVERAGE
INSP00260,2025-12-14,SCH0057,1,1,0,,1,ZAYYAN SOLANKI,NO REMARKS
INSP02913,2025-10-21,SCH0015,1,0,1,1,0,ATHARV VARTY,GOOD CONDITION
INSP02415,2025-10-23,SCH0259,1,1,1,0,0,AKSHAY BAHRI,NO REMARKS
INSP01351,2025-11-01,SCH0462,1,1,1,1,1,EKANTIKA NAZARETH,AVERAGE
INSP02517,2025-05-23,SCH0266,0,,1,0,0,PRANIT TATA,NO REMARKS
INSP02378,2025-07-03,SCH0441,1,1,1,1,0,MANTHAN BORA,NO REMARKS
INSP01107,2025-04-12,SCH0179,1,0,1,0,1,DEVIKA KARI,GOOD CONDITION
INSP02532,2025-09-26,SCH0116,1,1,,1,1,WILLIAM BISWAS,NEEDS REPAIR
INSP01878,2026-03-20,SCH0053,1,1,1,1,1,ONKAR DIN,GOOD CONDITION
INSP01657,2025-05-15,SCH0163,1,0,1,0,1,VIDHI MALL,NO REMARKS
INSP01094,2025-02-11,SCH0489,1,1,1,1,1,ADVIKA MUNSHI,NO REMARKS
INSP02856,2026-01-07,SCH0547,1,1,1,0,0,WISHI NARANG,NO REMARKS
INSP02449,2025-11-20,SCH0486,1,,0,0,0,GEORGE OM,NO REMARKS
INSP00457,2025-12-18,SCH0232,1,1,1,1,1,ZEHAAN GUHA,NO REMARKS
INSP00463,2025-10-26,SCH0078,1,0,1,0,1,OESHI KRISHNA,AVERAGE
INSP00613,2025-10-04,SCH0092,1,1,1,,0,MAYA CHADA,GOOD CONDITION
INSP01692,2025-07-01,SCH0156,1,1,1,1,0,ADITYA MUKHOPADHYAY,NEEDS REPAIR
INSP01668,2025-04-10,SCH0339,1,0,1,0,1,,AVERAGE
INSP01414,2025-05-15,SCH0096,0,1,1,1,1,NIRJA CHAWLA,TOILETS LOCKED
INSP00382,2026-01-19,SCH0242,1,1,0,0,1,HARSH CHADHA,NO REMARKS
INSP02939,2025-09-22,SCH0433,1,1,1,0,1,VARSHA TANDON,AVERAGE
INSP01534,2025-07-10,SCH0208,0,0,1,1,1,LIBNI DEOL,NO REMARKS
INSP02473,2025-11-03,SCH0205,1,,1,,1,UPADHRITI RAI,NO REMARKS
INSP02442,2026-02-21,SCH0512,0,0,1,1,1,KRISH SINHA,GOOD CONDITION
INSP00966,2025-06-19,SCH0426,0,1,1,1,1,AISHANI KARA,NO REMARKS
INSP02842,2025-07-18,SCH0113,1,1,0,0,1,CHAKRIKA KATA,GOOD CONDITION
INSP01778,2026-03-12,SCH0556,1,1,1,0,0,URVASHI BATRA,TOILETS LOCKED
INSP00943,2025-05-05,SCH0356,0,1,1,0,0,ANMOL DESHMUKH,GOOD CONDITION
INSP00060,2025-05-31,SCH0564,1,,1,1,1,GEETIKA KAPOOR,AVERAGE
INSP02391,2026-01-07,SCH0301,0,1,1,1,0,IRYA MITTAL,NO REMARKS
INSP02859,2026-03-12,SCH0279,0,1,0,1,1,,AVERAGE
INSP01766,2026-05-01,SCH0360,1,1,0,0,0,AYUSH MANN,NEEDS REPAIR
INSP01576,2025-08-11,SCH0099,1,1,1,1,,OMYA SWAMINATHAN,TOILETS LOCKED
INSP02484,2026-03-19,SCH0510,1,1,1,0,0,PANINI NAYAR,GOOD CONDITION
INSP02411,2025-12-22,SCH0105,0,0,1,1,1,ANDREW CHAHAL,TOILETS LOCKED
INSP01028,2026-01-22,SCH0107,0,1,1,0,1,ISHA VOHRA,GOOD CONDITION
INSP00658,2026-03-21,SCH0117,,1,1,0,1,PETER RAO,GOOD CONDITION
INSP01314,2025-08-11,SCH0351,0,1,0,1,0,SIYA SAHNI,TOILETS LOCKED
INSP00846,2025-06-28,SCH0190,1,,1,0,1,,NEEDS REPAIR
INSP00543,2026-01-24,SCH0327,1,1,1,,1,ADVAITH RAJAGOPAL,TOILETS LOCKED
INSP00870,2025-08-20,SCH0454,1,1,1,1,0,RACHANA MANI,NO REMARKS
INSP01710,2025-05-15,SCH0016,1,1,1,0,0,HARRISON BERA,TOILETS LOCKED
INSP01310,2025-08-09,SCH0249,1,1,1,1,0,,NEEDS REPAIR
INSP02227,2025-08-11,SCH0097,1,1,1,,0,XITI WALLA,NEEDS REPAIR
INSP02579,2025-12-12,SCH0008,1,1,1,1,0,FREDERICK MISTRY,GOOD CONDITION
INSP01447,2026-03-24,SCH0035,1,1,1,1,0,ADVAY REGE,NO REMARKS
INSP02644,2025-11-12,SCH0130,1,1,1,1,0,MADHAVI DEY,AVERAGE
INSP01656,2025-03-12,SCH0543,0,1,1,1,1,MAANAS BASU,NO REMARKS
INSP01504,2025-10-29,SCH0236,1,1,1,0,,AKSHAY IYENGAR,NO REMARKS
INSP01085,2026-02-07,SCH0262,1,1,1,0,,YASHASVI AMBLE,AVERAGE
INSP00299,2025-12-14,SCH0599,0,1,1,0,0,ODIKA BHANDARI,NO REMARKS
INSP02379,2026-03-30,SCH0284,1,,1,1,1,OSCAR BASAK,NO REMARKS
INSP01433,2025-05-30,SCH0590,1,1,0,1,0,AKSHAY NARAYAN,AVERAGE
INSP02546,2025-11-06,SCH0182,1,0,1,1,1,ANJALI MAGAR,NEEDS REPAIR
INSP01892,2025-08-31,SCH0238,1,1,1,1,0,JAIRAJ HEGDE,GOOD CONDITION
INSP01062,2025-05-13,SCH0009,0,1,0,1,1,LIPIKA CHERIAN,AVERAGE
INSP00436,2025-12-23,SCH0581,1,1,1,1,,AACHAL PAI,GOOD CONDITION
INSP02474,2026-10-01,SCH0352,1,1,1,1,1,ABEER TOOR,NO REMARKS
INSP00238,2025-09-08,SCH0166,0,1,1,1,,HIRAL GODA,TOILETS LOCKED
INSP01488,2025-08-17,SCH0242,1,1,1,1,1,IRYA PRABHU,TOILETS LOCKED
INSP02728,2025-06-30,SCH0282,0,1,1,1,1,HIRAL MORAR,NO REMARKS
INSP00110,2025-04-23,SCH0119,0,1,1,0,0,EIRAVATI CHAUDHURI,TOILETS LOCKED
INSP02084,2025-09-11,SCH0283,,0,1,1,0,NAVEEN BHANDARI,GOOD CONDITION
INSP00782,2026-01-10,SCH0162,1,1,1,1,1,TANVEER DYAL,TOILETS LOCKED
INSP02165,2025-10-31,SCH0541,1,1,1,1,1,VANSHA MAND,TOILETS LOCKED
INSP00164,2026-02-05,SCH0163,0,0,1,1,,VEDHIKA BORA,GOOD CONDITION
INSP00289,2025-12-27,SCH0457,1,1,1,1,0,PARTH BHATNAGAR,NO REMARKS
INSP00064,2026-03-03,SCH0051,1,1,1,0,0,FORUM CHOUDHARY,TOILETS LOCKED
INSP00253,2025-07-07,SCH0006,,1,0,1,1,NICHOLAS AGATE,TOILETS LOCKED
INSP01118,2025-07-08,SCH0382,1,1,0,0,1,AISHANI KEER,NEEDS REPAIR
INSP02127,2025-12-15,SCH0350,1,1,1,1,0,TARA OZA,GOOD CONDITION
INSP01739,2025-06-06,SCH0436,,1,0,1,1,ZILMIL KUMAR,NO REMARKS
INSP00768,2026-02-19,SCH0172,0,0,1,0,0,CHATURA PRADHAN,GOOD CONDITION
INSP00788,2025-07-06,SCH0421,1,1,1,0,1,JEET ROY,AVERAGE
INSP01443,2025-09-30,SCH0463,1,1,1,1,1,JAIRAJ CHAUDHARY,GOOD CONDITION
INSP00927,2025-04-03,SCH0420,0,1,0,1,1,,GOOD CONDITION
INSP01836,2025-07-19,SCH0134,1,0,1,0,1,LAVANYA SESHADRI,AVERAGE
INSP01074,2025-10-12,SCH0265,0,1,1,1,0,TANVI WAGLE,TOILETS LOCKED
INSP01287,2025-05-29,SCH0119,1,1,,1,1,QARIN BHAVSAR,NO REMARKS
INSP01554,2026-01-21,SCH0575,1,1,1,0,,URVASHI MANN,AVERAGE
INSP02457,2025-08-02,SCH0475,1,0,1,1,0,LIAM MUNSHI,GOOD CONDITION
INSP02230,2025-05-20,SCH0207,1,1,1,1,0,NACHIKET GARA,GOOD CONDITION
INSP02752,2025-11-21,SCH0255,1,1,1,1,1,URMI SHETTY,NO REMARKS
INSP02313,2025-08-17,SCH0542,1,1,1,1,1,GUNBIR PINGLE,AVERAGE
INSP02563,2026-01-23,SCH0049,1,1,1,0,0,,AVERAGE
INSP00848,2025-07-02,SCH0009,1,1,0,0,1,VASATIKA KHANNA,GOOD CONDITION
INSP01438,2026-01-01,SCH0081,1,0,1,1,0,DIYA ANAND,TOILETS LOCKED
INSP02541,2025-07-27,SCH0566,,1,1,0,0,VAMAKSHI SURA,GOOD CONDITION
INSP00462,2025-01-04,SCH0277,0,1,1,1,0,TANMAYI VASA,TOILETS LOCKED
INSP02357,2025-06-29,SCH0059,1,1,,0,1,ROBERT RATTAN,NO REMARKS
INSP01603,2025-04-10,SCH0473,1,1,1,1,1,,TOILETS LOCKED
INSP00158,2025-07-17,SCH0331,1,1,1,1,1,UMANG PAI,TOILETS LOCKED
INSP02523,2025-07-30,SCH0256,1,1,0,0,0,ANITA DHINGRA,GOOD CONDITION
INSP02087,2025-11-06,SCH0140,1,1,1,1,0,NOAH NARAYANAN,GOOD CONDITION
INSP01805,2025-12-05,SCH0594,1,1,1,1,1,GAVIN CHAHAL,NEEDS REPAIR
INSP00678,2026-02-17,SCH0230,1,1,1,,0,PRANEEL BORDE,AVERAGE
INSP01874,2025-10-17,SCH0304,0,1,,0,0,LUKE PINGLE,TOILETS LOCKED
INSP02373,2026-02-22,SCH0532,0,1,1,0,1,,TOILETS LOCKED
INSP00239,2026-04-03,SCH0449,1,0,1,0,1,,NO REMARKS
INSP00980,2025-07-20,SCH0600,1,1,1,1,0,GEETIKA SRINIVASAN,NEEDS REPAIR
INSP01221,2025-05-27,SCH0542,1,1,0,0,0,CHANCHAL NARULA,TOILETS LOCKED
INSP00244,2025-11-09,SCH0353,1,1,1,1,1,SAMAKSH BARAD,TOILETS LOCKED
INSP00101,2025-09-16,SCH0478,1,1,0,1,1,JALSA CHAUDRY,GOOD CONDITION
INSP00316,2025-07-14,SCH0212,1,1,1,1,0,,AVERAGE
INSP01011,2026-03-03,SCH0556,0,1,1,1,1,UMANG SAHOTA,NO REMARKS
INSP02584,2026-02-10,SCH0380,0,1,1,1,1,JACOB JHA,TOILETS LOCKED
INSP02583,2025-10-20,SCH0116,0,1,1,1,1,NIRJA RAMA,NO REMARKS
INSP01056,2025-09-03,SCH0467,1,1,1,,0,ALKA GOPAL,NO REMARKS
INSP00262,2025-06-25,SCH0232,1,1,1,1,1,UTKARSH OAK,NO REMARKS
INSP02664,2025-06-13,SCH0199,0,1,0,,0,BAKHSHI KOSHY,NO REMARKS
INSP01834,2025-11-09,SCH0295,1,1,1,0,1,,GOOD CONDITION
INSP00196,2025-11-02,SCH0465,0,,,1,0,OM ISSAC,NO REMARKS
INSP01980,2025-07-06,SCH0115,1,,1,1,0,,AVERAGE
INSP02950,2026-02-26,SCH0314,0,1,1,1,1,MAHIKA SANKARAN,AVERAGE
INSP02384,2025-10-28,SCH0346,0,,1,,0,ZEHAAN DUGAR,TOILETS LOCKED
INSP00180,2025-09-09,SCH0417,0,1,1,0,1,URISHILLA SHERE,GOOD CONDITION
INSP00835,2026-02-24,SCH0572,0,0,1,0,0,KRISHNA SAMA,NO REMARKS
INSP00843,2026-02-10,SCH0229,0,,1,1,0,VAISHNAVI SALVI,NO REMARKS
INSP02441,2026-02-07,SCH0485,1,,1,1,1,NIRJA KHURANA,NO REMARKS
INSP01581,2025-01-08,SCH0205,1,1,1,0,0,ANIRUDH PUROHIT,TOILETS LOCKED
INSP01038,2026-01-23,SCH0465,1,,1,1,,VRISHTI BALAKRISHNAN,GOOD CONDITION
INSP00341,2025-05-07,SCH0098,1,1,0,1,0,LOHIT BALA,NEEDS REPAIR
INSP01180,2025-10-02,SCH0451,,0,,0,0,RACHANA CHANDER,NEEDS REPAIR
INSP01988,2025-12-26,SCH0188,1,0,0,1,0,VEDA RAO,AVERAGE
INSP00749,2026-03-09,SCH0065,1,0,0,,0,KALA KALE,NO REMARKS
INSP01193,2025-04-30,SCH0137,1,1,1,0,1,FARAJ SURA,AVERAGE
INSP00663,2025-11-30,SCH0424,1,0,1,1,0,MANAN BHATTACHARYYA,NO REMARKS
INSP00481,2025-05-29,SCH0019,1,1,,0,1,AMAIRA BALAKRISHNAN,NO REMARKS
INSP00804,2025-12-03,SCH0524,1,1,1,0,0,WAIDA HANDA,GOOD CONDITION
INSP00795,2025-10-20,SCH0458,0,1,1,1,,CALEB PANDYA,NO REMARKS
INSP01455,2025-12-26,SCH0322,1,1,1,1,0,NIHAL DASGUPTA,NO REMARKS
INSP01499,2025-08-01,SCH0512,1,0,,0,1,URVI WARRIOR,GOOD CONDITION
INSP02562,2026-03-25,SCH0118,0,1,1,1,1,,TOILETS LOCKED
INSP00550,2025-10-17,SCH0554,1,1,0,0,0,UNNATI CHACKO,TOILETS LOCKED
INSP01741,2025-09-06,SCH0125,1,,1,1,1,YOCHANA DHILLON,NEEDS REPAIR
INSP00784,2025-06-06,SCH0334,0,1,0,0,0,DAKSH SACHDEV,NO REMARKS
INSP02848,2025-04-18,SCH0146,1,0,,,1,LAJITA MOHANTY,AVERAGE
INSP02314,2025-04-22,SCH0159,0,1,1,1,1,LILA SUNDARAM,AVERAGE
INSP00743,2025-04-24,SCH0420,1,1,1,0,1,TANAY BORDE,NEEDS REPAIR
INSP02578,2025-11-21,SCH0514,1,1,1,1,1,MANAN KAPUR,TOILETS LOCKED
INSP02611,2025-05-19,SCH0097,1,1,0,0,1,,AVERAGE
INSP01764,2026-01-31,SCH0019,1,1,1,,1,,GOOD CONDITION
INSP02273,2025-05-25,SCH0483,1,,1,1,0,WISHI SACHDEVA,NO REMARKS
INSP02085,2025-09-12,SCH0286,,1,1,1,1,EKTA GALA,GOOD CONDITION
INSP01781,2025-09-19,SCH0492,1,1,1,1,0,DIVYA CHAUDHURI,NEEDS REPAIR
INSP02419,2026-01-08,SCH0221,1,1,1,1,0,KAMALA SAMPATH,NO REMARKS
INSP01128,2026-03-18,SCH0022,1,1,1,0,1,NEEL SINGHAL,TOILETS LOCKED
INSP00248,2026-03-24,SCH0286,1,1,1,1,0,WYATT PARMAR,TOILETS LOCKED
INSP00872,2025-12-06,SCH0577,1,1,1,1,1,CHAVVI UPADHYAY,AVERAGE
INSP01026,2026-03-02,SCH0592,,1,1,1,0,VEER BISWAS,TOILETS LOCKED
INSP02955,2025-12-21,SCH0306,0,1,1,0,1,FARIS DAVE,NO REMARKS
INSP02860,2025-05-21,SCH0335,1,1,1,1,1,JEEVIKA RAMA,TOILETS LOCKED
INSP00627,2026-02-14,SCH0256,0,1,1,,0,,AVERAGE
INSP00348,2026-01-18,SCH0025,1,1,1,1,0,,NO REMARKS
INSP00279,2025-04-26,SCH0174,1,1,1,,1,HEMAL LALLA,GOOD CONDITION
INSP01989,2025-08-29,SCH0436,1,1,,1,1,DAMYANTI KASHYAP,GOOD CONDITION
INSP02404,2026-03-06,SCH0011,1,1,1,1,0,WARJAS DEOL,NO REMARKS
INSP00656,2025-05-03,SCH0143,1,1,0,0,0,ATI SANDHU,NO REMARKS
INSP01357,2025-11-11,SCH0106,1,1,0,1,,LAJITA SAHA,TOILETS LOCKED
INSP01033,2025-08-16,SCH0150,,1,1,1,1,KIAAN RAVAL,NO REMARKS
INSP00908,2025-11-25,SCH0572,1,1,1,0,1,OJASVI THAMAN,NO REMARKS
INSP02761,2025-04-08,SCH0334,,1,1,1,0,CHAMPAK UPADHYAY,GOOD CONDITION
INSP02721,2025-10-11,SCH0164,1,1,1,1,0,HARITA SARAN,GOOD CONDITION
INSP01136,2025-07-14,SCH0461,1,0,1,0,,HITESH DIXIT,NO REMARKS
INSP00912,2025-10-07,SCH0493,1,0,1,1,0,YASHAWINI LALLA,NEEDS REPAIR
INSP01908,2025-07-29,SCH0101,1,1,1,0,1,EKAJA YOHANNAN,GOOD CONDITION
INSP00633,2026-02-24,SCH0376,0,,1,0,0,LEELA DESHMUKH,NO REMARKS
INSP01103,2025-08-09,SCH0389,,1,1,0,1,VARSHA SHANKAR,NO REMARKS
INSP00446,2026-10-03,SCH0059,0,1,1,,0,TANISH SUNDER,TOILETS LOCKED
INSP00618,2026-03-18,SCH0185,1,1,1,1,1,ADWETA DIVAN,NEEDS REPAIR
INSP01363,2025-05-06,SCH0108,1,1,1,,0,,NEEDS REPAIR
INSP01196,2025-07-27,SCH0553,,1,0,0,1,GAURIKA NARASIMHAN,AVERAGE
INSP01191,2025-09-20,SCH0272,1,1,,1,1,VIHAAN RAMASWAMY,TOILETS LOCKED
INSP02292,2025-10-29,SCH0013,1,1,1,1,0,NIHARIKA GARA,GOOD CONDITION
INSP01748,2025-08-30,SCH0488,1,,1,1,1,ABHIMANYU BANSAL,GOOD CONDITION
INSP00845,2026-03-16,SCH0131,0,1,1,1,1,,NO REMARKS
INSP02685,2025-10-10,SCH0512,,0,0,0,1,EKANTA NAGAR,TOILETS LOCKED
INSP00548,2026-03-07,SCH0455,1,,1,1,,YAUVANI NAGAR,AVERAGE
INSP01979,2026-02-28,SCH0041,1,1,1,0,0,,NEEDS REPAIR
INSP02179,2025-07-08,SCH0213,1,1,,1,0,WRIDDHISH GREWAL,NO REMARKS
INSP01058,2026-03-06,SCH0262,0,1,1,,1,GAYATHRI BARIA,NO REMARKS
INSP00264,2025-12-15,SCH0139,1,1,1,1,1,VEER GERA,TOILETS LOCKED
INSP02996,2025-04-05,SCH0492,1,1,1,0,1,NAVEEN SWAMY,NO REMARKS
INSP02477,2026-03-18,SCH0280,1,,1,1,,,NO REMARKS
INSP02024,2025-06-15,SCH0583,1,1,1,0,0,HAMSINI MAJUMDAR,NEEDS REPAIR
INSP00354,2025-08-21,SCH0301,1,1,1,0,1,VEER CHANA,AVERAGE
INSP00803,2026-03-22,SCH0180,1,,,1,0,QUSHI ZACHARIAH,AVERAGE
INSP00209,2025-04-24,SCH0294,1,1,0,1,0,NAKSH ANDRA,GOOD CONDITION
INSP00614,2026-03-23,SCH0027,1,1,1,0,,JASMIT RAMA,GOOD CONDITION
INSP01048,2025-03-07,SCH0133,1,0,1,1,0,ETHAN SARKAR,TOILETS LOCKED
INSP02158,2026-02-21,SCH0593,1,1,0,0,1,FARAS GREWAL,AVERAGE
INSP01676,2025-11-12,SCH0381,1,0,0,1,1,YASHAWINI SEM,NO REMARKS
INSP01272,2025-07-17,SCH0020,1,1,1,0,,MAANAS CHAUDHRY,GOOD CONDITION
INSP01271,2025-12-29,SCH0557,1,1,0,1,0,ONKAR BEHL,TOILETS LOCKED
INSP01954,2025-01-05,SCH0029,1,0,1,1,1,OSHA LOYAL,TOILETS LOCKED
INSP02693,2025-06-01,SCH0526,0,0,1,1,0,WARINDER VORA,AVERAGE
INSP00058,2026-03-14,SCH0064,1,1,1,1,0,,NEEDS REPAIR
INSP02348,2026-01-09,SCH0424,0,1,,1,0,ISAAC NATARAJAN,NEEDS REPAIR
INSP00812,2026-03-07,SCH0548,0,1,1,0,0,VARSHA PINGLE,GOOD CONDITION
INSP01552,2025-07-25,SCH0089,1,0,1,0,1,AMAIRA GANDHI,NO REMARKS
INSP02737,2025-04-03,SCH0348,1,1,1,1,1,HARDIK BORDE,AVERAGE
INSP00562,2025-03-05,SCH0072,1,1,1,1,1,LAKSHMI GANESH,NO REMARKS
INSP02310,2025-05-06,SCH0452,1,1,1,0,1,INDALI BHATT,NO REMARKS
INSP00230,2025-07-12,SCH0124,,1,1,0,1,MASON HARI,NO REMARKS
INSP02640,2025-08-20,SCH0169,1,1,1,1,0,GAURAV BOBAL,TOILETS LOCKED
INSP02033,2025-06-09,SCH0099,1,1,1,1,1,RYAN TRIVEDI,NO REMARKS
INSP02933,2025-09-24,SCH0177,1,1,,0,1,ANUSHA PAREKH,GOOD CONDITION
INSP00539,2025-06-15,SCH0302,,1,1,1,1,VAMAKSHI SHROFF,NEEDS REPAIR
INSP01736,2026-02-17,SCH0259,1,0,0,1,,JANAKI UPADHYAY,AVERAGE
INSP02576,2026-03-17,SCH0249,1,1,1,0,1,SARTHAK WARRIOR,GOOD CONDITION
INSP02229,2026-03-14,SCH0307,1,1,1,0,1,EIRAVATI BARAL,NEEDS REPAIR
INSP02870,2025-12-04,SCH0402,1,1,1,1,0,ANMOL CHAWLA,AVERAGE
INSP00561,2026-01-16,SCH0113,1,1,1,1,1,MITALI SETTY,NO REMARKS
INSP00708,2026-01-01,SCH0121,1,1,0,1,0,AAYUSH KRISH,NO REMARKS
INSP01235,2025-06-12,SCH0486,1,0,0,0,1,ISHANVI GERA,NEEDS REPAIR
INSP00425,2025-05-06,SCH0068,1,0,1,0,1,AAHANA RAVI,AVERAGE
INSP00648,2025-04-10,SCH0425,0,0,1,1,1,LAJITA RADHAKRISHNAN,AVERAGE
INSP01883,2025-10-08,SCH0185,1,1,1,0,1,SHIVANSH BIR,GOOD CONDITION
INSP01324,2025-07-17,SCH0553,1,1,0,1,1,,GOOD CONDITION
INSP02596,2025-05-14,SCH0031,1,1,1,0,0,ANAY ATWAL,NO REMARKS
INSP01160,2025-12-30,SCH0388,,1,0,1,0,SAMUEL SANKARAN,GOOD CONDITION
INSP01006,2025-11-29,SCH0053,0,1,1,0,0,IRYA BAWA,TOILETS LOCKED
INSP00621,2025-06-08,SCH0451,1,1,1,,0,NEEL DUGAL,NO REMARKS
INSP01361,2026-03-26,SCH0572,1,1,0,1,0,BHAVANI PRABHAKAR,NEEDS REPAIR
INSP00554,2025-08-08,SCH0124,,1,1,1,0,,AVERAGE
INSP02802,2026-01-02,SCH0505,1,1,1,1,1,ONKAR CHADHA,NO REMARKS
INSP01558,2026-11-01,SCH0220,1,1,1,1,0,,NO REMARKS
INSP00999,2025-07-17,SCH0557,0,1,1,1,1,AMOL BRAHMBHATT,NEEDS REPAIR
INSP01365,2026-01-16,SCH0239,1,1,1,,1,DHRUV LAD,NO REMARKS
INSP01755,2026-02-09,SCH0039,1,1,0,1,1,NACHIKET VARTY,NO REMARKS
INSP02886,2025-12-27,SCH0063,0,1,,0,0,ALEXANDER HAYRE,GOOD CONDITION
INSP00930,2025-10-12,SCH0012,1,1,0,1,1,WATIKA SUBRAMANIAM,NO REMARKS
INSP01645,2025-06-14,SCH0280,1,1,1,0,1,SANAYA RAMAKRISHNAN,NEEDS REPAIR
INSP00441,2026-09-02,SCH0356,1,1,1,1,1,NIHARIKA BANSAL,TOILETS LOCKED
INSP00509,2025-10-05,SCH0322,0,1,1,0,0,ABDUL DUGAR,GOOD CONDITION
INSP00590,2026-03-12,SCH0487,,1,1,1,0,YASHICA TIWARI,AVERAGE
INSP01237,2025-12-17,SCH0448,1,1,1,0,0,AARUSH BASSI,GOOD CONDITION
INSP00650,2025-12-23,SCH0534,1,0,0,0,0,VEDIKA KOHLI,NEEDS REPAIR
INSP02041,2025-12-07,SCH0236,,1,1,0,0,YASHAWINI GANESAN,NO REMARKS
INSP02683,2025-04-23,SCH0186,1,1,1,1,0,VIHAAN SAINI,GOOD CONDITION
INSP01317,2025-07-14,SCH0315,1,1,1,1,1,HARITA CHATTERJEE,NO REMARKS
INSP01335,2026-01-11,SCH0210,1,1,1,1,0,MITALI LAD,GOOD CONDITION
INSP01843,2026-03-15,SCH0032,1,1,0,1,0,MEERA SAMPATH,NO REMARKS
INSP00631,2026-11-01,SCH0292,0,1,1,1,1,VASATIKA GREWAL,NO REMARKS
INSP01403,2025-11-13,SCH0469,,1,1,1,1,KABIR CHEEMA,NO REMARKS
INSP00483,2025-06-07,SCH0389,1,1,1,,,,AVERAGE
INSP01245,2025-12-29,SCH0463,,1,0,1,1,EKANTA BAHRI,TOILETS LOCKED
INSP00728,2026-03-30,SCH0033,1,1,1,1,1,RIDHI GOUR,NO REMARKS
INSP02571,2025-05-11,SCH0079,1,1,,1,1,WRIDESH SONI,NEEDS REPAIR
INSP00686,2025-12-12,SCH0268,1,1,,1,1,CHANAKYA RAVAL,NEEDS REPAIR
INSP02231,2025-08-29,SCH0263,1,1,1,0,1,AAYUSH RATTI,NO REMARKS
INSP02096,2025-10-29,SCH0362,1,1,1,0,,REVA SIDHU,NO REMARKS
INSP00857,2025-07-11,SCH0368,0,1,1,1,1,FITAN DE,GOOD CONDITION
INSP00531,2026-03-15,SCH0594,,1,1,1,0,RANVEER TANK,NO REMARKS
INSP01996,2025-04-11,SCH0188,1,1,1,1,1,YAGNESH BORRA,NO REMARKS
INSP00050,2025-10-03,SCH0466,1,,1,1,0,HAMSINI GOLLA,TOILETS LOCKED
INSP00859,2025-12-17,SCH0578,1,1,1,1,0,PALLAVI WAGLE,NEEDS REPAIR
INSP01073,2025-09-27,SCH0583,1,1,1,0,1,WRIDDHISH BAL,TOILETS LOCKED
INSP00720,2026-03-01,SCH0370,1,0,1,1,0,ANITA SENGUPTA,TOILETS LOCKED
INSP01826,2026-02-08,SCH0416,1,1,0,0,1,XALAK RAGHAVAN,AVERAGE
INSP01430,2025-09-07,SCH0255,0,0,1,1,0,VEDA PARIKH,NEEDS REPAIR
INSP02370,2025-12-11,SCH0058,1,0,1,0,1,BRINDA BUCH,NO REMARKS
INSP01449,2025-12-07,SCH0317,1,1,1,,0,CHANDRESH GOKHALE,NO REMARKS
INSP01633,2025-11-25,SCH0554,1,1,1,0,1,TARA MAHAL,GOOD CONDITION
INSP02244,2026-03-25,SCH0475,1,1,0,1,0,VINAYA VALA,AVERAGE
INSP02888,2025-04-23,SCH0061,1,1,1,0,1,ADVIKA RAGHAVAN,NEEDS REPAIR
INSP02744,2025-06-20,SCH0105,1,1,1,0,1,BRIJESH NAIDU,NO REMARKS
INSP01544,2025-12-17,SCH0236,1,1,1,,0,LOGAN SARIN,NO REMARKS
INSP02167,2025-04-08,SCH0365,0,1,1,1,1,,NO REMARKS
INSP01792,2026-03-29,SCH0032,1,0,1,1,1,DHRITI BOASE,AVERAGE
INSP01393,2025-05-01,SCH0397,1,1,1,1,1,VEER RAMASWAMY,NO REMARKS
INSP02257,2025-08-26,SCH0036,,1,1,0,1,DALAJA KARNIK,GOOD CONDITION
INSP02766,2025-05-08,SCH0287,1,1,1,,1,GAURANGI BARAD,AVERAGE
INSP01651,2025-07-25,SCH0026,1,1,1,1,1,DEV KATA,NO REMARKS
INSP00298,2025-12-01,SCH0141,,1,1,1,1,JAGDISH GULATI,TOILETS LOCKED
INSP01327,2026-05-02,SCH0276,1,1,1,0,1,PARTH KRISHNAMURTHY,NEEDS REPAIR
INSP01458,2026-03-22,SCH0067,1,1,1,1,1,FORUM HANDA,NO REMARKS
INSP00959,2025-05-05,SCH0128,1,1,1,1,1,AADHYA BARAL,NEEDS REPAIR
INSP01321,2026-01-30,SCH0524,0,1,1,1,1,,AVERAGE
INSP01609,2026-02-26,SCH0290,0,1,1,1,1,KALA NATH,TOILETS LOCKED
INSP01214,2025-11-30,SCH0212,1,0,0,0,0,VEDHIKA AHLUWALIA,NO REMARKS
INSP00350,2025-05-12,SCH0285,1,,1,1,1,ANAMIKA CHOUDHURY,NO REMARKS
INSP02565,2025-12-30,SCH0579,1,1,1,0,0,NATHAN PADMANABHAN,AVERAGE
INSP00644,2026-01-31,SCH0260,1,1,1,,0,EKAJA WASON,NEEDS REPAIR
INSP01897,2025-09-28,SCH0567,1,,0,0,1,DHRUV BATRA,NEEDS REPAIR
INSP01284,2025-03-11,SCH0489,1,1,1,1,0,AVNI MODI,TOILETS LOCKED
INSP00670,2025-08-10,SCH0291,1,0,1,0,1,WARJAS MODY,AVERAGE
INSP02537,2025-04-17,SCH0265,0,1,1,0,1,,AVERAGE
INSP01643,2025-10-15,SCH0111,1,1,1,1,1,AARINI CHAWLA,TOILETS LOCKED
INSP01955,2026-01-15,SCH0561,,1,0,0,1,SIYA PAREKH,NO REMARKS
INSP02591,2026-01-31,SCH0252,1,1,1,1,1,CHAMAN MISTRY,AVERAGE
INSP02499,2026-03-15,SCH0322,1,1,1,0,,CHAITALY BATH,NO REMARKS
INSP01553,2025-12-17,SCH0071,1,1,,0,1,INDRAJIT NORI,GOOD CONDITION
INSP01715,2026-03-20,SCH0262,1,1,0,1,0,,NEEDS REPAIR
INSP00787,2025-10-02,SCH0244,1,1,1,1,1,ARYA RAMESH,NO REMARKS
INSP02833,2025-10-21,SCH0138,1,1,0,1,0,HARITA RATTA,TOILETS LOCKED
INSP00141,2025-05-14,SCH0318,1,1,1,1,0,HEMANI RASTOGI,TOILETS LOCKED
INSP00789,2025-11-21,SCH0074,1,1,1,0,0,QASIM MODY,GOOD CONDITION
INSP01726,2025-11-13,SCH0316,1,0,1,1,1,CHAKRADHAR KAPOOR,AVERAGE
INSP02688,2025-07-19,SCH0009,,1,1,0,0,BALJIWAN GABA,NO REMARKS
INSP00715,2025-09-30,SCH0334,,1,,1,1,UDYATI SOMAN,AVERAGE
INSP01466,2025-10-24,SCH0047,1,1,1,0,0,HITESH CHANA,NO REMARKS
INSP01718,2025-11-06,SCH0443,1,1,1,1,1,PETER TELLA,NO REMARKS
INSP01601,2025-07-21,SCH0468,0,0,1,1,0,HARINAKSHI SURI,NO REMARKS
INSP01627,2025-11-14,SCH0018,0,1,1,1,1,QASIM KRISHNAMURTHY,AVERAGE
INSP00619,2025-07-07,SCH0033,0,1,1,1,0,ARIN NAGARAJAN,NO REMARKS
INSP00407,2025-09-29,SCH0344,1,1,0,1,0,LEKHA RADHAKRISHNAN,NO REMARKS
INSP01519,2025-09-23,SCH0173,1,1,1,,0,TANVEER TIWARI,NO REMARKS
INSP02017,2026-09-02,SCH0420,0,1,1,1,1,ORINDER AHUJA,GOOD CONDITION
INSP02937,2026-03-18,SCH0344,0,1,1,,,RAGHAV MALL,NO REMARKS
INSP01269,2025-10-04,SCH0488,1,1,1,0,,OJASVI RATTAN,NO REMARKS
INSP01780,2026-02-15,SCH0453,,0,1,1,0,QADIM PRABHU,NEEDS REPAIR
INSP00498,2025-11-05,SCH0590,1,1,0,1,1,DIVYA KARI,TOILETS LOCKED
INSP00343,2025-05-28,SCH0346,1,1,,1,0,YAMINI BADAMI,AVERAGE
INSP02879,2025-12-15,SCH0063,,,1,1,1,DEVIKA TANK,TOILETS LOCKED
INSP02390,2025-12-06,SCH0119,0,1,0,1,1,ONVEER JAGGI,GOOD CONDITION
INSP00783,2025-06-16,SCH0078,1,0,1,0,0,HARISH KAUL,AVERAGE
INSP02291,2025-07-04,SCH0008,1,1,0,1,0,NITESH ZACHARIAH,AVERAGE
INSP00304,2025-11-03,SCH0325,0,1,0,1,0,FAQID MITTER,NO REMARKS
INSP01952,2025-10-27,SCH0086,1,1,1,0,0,URVI PAI,NEEDS REPAIR
INSP00665,2026-03-15,SCH0450,1,1,1,1,1,HARINAKSHI SHENOY,TOILETS LOCKED
INSP01814,2026-01-19,SCH0197,0,0,1,1,0,ZARNA SAXENA,TOILETS LOCKED
INSP01624,2025-06-23,SCH0401,1,,,1,0,,AVERAGE
INSP02836,2025-10-18,SCH0370,0,1,1,0,0,LAVANYA NAZARETH,TOILETS LOCKED
INSP01629,2025-09-03,SCH0321,1,1,0,,0,ISAAC WAGLE,AVERAGE
INSP00085,2025-05-14,SCH0466,1,1,0,1,1,BHANUMATI GABA,NEEDS REPAIR
INSP02333,2026-01-25,SCH0590,1,1,,0,1,YUVRAJ BUTALA,NO REMARKS
INSP00942,2025-09-28,SCH0494,0,0,1,0,0,IKBAL VERMA,AVERAGE
INSP00962,2025-07-24,SCH0143,1,0,0,0,1,VASATIKA BARAD,NO REMARKS
INSP00842,2026-01-21,SCH0142,1,1,1,,,VEDA RATTA,GOOD CONDITION
INSP02777,2025-10-22,SCH0270,1,1,0,1,0,ADVIKA CHACKO,NO REMARKS
INSP02502,2026-01-05,SCH0335,0,1,1,0,1,RACHIT SIBAL,GOOD CONDITION
INSP02651,2026-06-01,SCH0106,,1,1,0,1,NILIMA KANNAN,TOILETS LOCKED
INSP01415,2025-08-19,SCH0330,1,1,1,1,0,ODIKA DEOL,TOILETS LOCKED
INSP00291,2026-05-02,SCH0441,1,1,1,1,1,IKBAL SWAMY,NEEDS REPAIR
INSP02195,2025-01-05,SCH0509,1,1,1,1,0,QUSHI ZACHARIAH,NEEDS REPAIR
INSP01242,2025-12-31,SCH0386,0,1,1,1,0,ABHA BAL,AVERAGE
INSP00605,2026-02-25,SCH0138,1,1,0,0,1,KALPIT VARMA,AVERAGE
INSP02150,2025-04-27,SCH0047,1,1,,0,1,ELIJAH KADE,AVERAGE
INSP00917,2025-05-06,SCH0474,1,1,1,0,1,LAKSHMI MENON,NO REMARKS
INSP02622,2026-03-16,SCH0216,0,1,1,0,1,,TOILETS LOCKED
INSP01823,2025-11-03,SCH0221,0,,1,,1,BISHAKHA PANT,TOILETS LOCKED
INSP01100,2025-05-08,SCH0486,1,1,0,0,0,ADVAY KAMDAR,NO REMARKS
INSP01089,2025-08-07,SCH0600,1,1,0,1,0,LAKSHIT SEM,AVERAGE
INSP02214,2026-07-02,SCH0103,1,1,1,,0,NITARA GHOSH,NEEDS REPAIR
INSP01442,2025-07-15,SCH0205,,1,1,1,0,,NO REMARKS
INSP00822,2025-07-12,SCH0393,1,1,1,,1,AACHAL BABU,NO REMARKS
INSP02597,2025-09-27,SCH0084,1,1,,1,0,,TOILETS LOCKED
INSP01001,2025-05-29,SCH0240,1,1,1,0,1,,NO REMARKS
INSP01495,2025-08-30,SCH0062,0,0,1,0,0,GARIMA SODHI,NO REMARKS
INSP00019,2026-03-03,SCH0418,0,1,1,0,1,,NEEDS REPAIR
INSP02975,2026-02-18,SCH0543,1,1,1,1,0,,NEEDS REPAIR
INSP01126,2025-11-11,SCH0219,1,1,,0,1,WRIDDHISH KALLA,NEEDS REPAIR
INSP01352,2025-08-07,SCH0545,1,0,,1,1,JACK MUNSHI,NO REMARKS
INSP02251,2025-10-07,SCH0497,1,,1,1,,JASMIT GHOSE,GOOD CONDITION
INSP01396,2025-06-13,SCH0390,0,1,1,0,0,,GOOD CONDITION
INSP01719,2026-07-01,SCH0538,1,1,0,0,1,,AVERAGE
INSP01594,2025-11-04,SCH0378,0,1,1,0,0,RANVEER RANDHAWA,GOOD CONDITION
INSP01810,2026-01-30,SCH0343,1,1,,1,1,DIVYA PUROHIT,TOILETS LOCKED
INSP01658,2025-05-17,SCH0247,0,1,1,0,1,SUDIKSHA NAGY,AVERAGE
INSP02128,2025-04-23,SCH0059,1,1,1,1,0,AVI CHAWLA,TOILETS LOCKED
INSP01518,2025-05-10,SCH0190,1,1,0,1,1,ZANSI KAUL,TOILETS LOCKED
INSP01010,2025-10-06,SCH0566,0,1,1,,1,YUTIKA CHOWDHURY,NO REMARKS
INSP00361,2025-12-09,SCH0410,1,0,1,0,0,FARIS LAD,AVERAGE
INSP02690,2025-05-07,SCH0292,1,1,1,0,0,ETHAN GALA,TOILETS LOCKED
INSP02013,2025-08-16,SCH0098,1,1,1,0,1,KAMALA KHATRI,GOOD CONDITION
INSP02739,2025-12-10,SCH0198,1,1,1,1,0,URVASHI KALA,TOILETS LOCKED
INSP01232,2025-04-24,SCH0471,0,1,1,,1,DAVID SANT,AVERAGE
INSP02506,2025-05-01,SCH0521,1,1,1,1,0,XALAK DIXIT,AVERAGE
INSP01841,2025-10-14,SCH0164,0,0,1,0,0,SAMAKSH MURTHY,GOOD CONDITION
INSP00345,2025-04-12,SCH0535,1,0,1,,1,DEEPA GOYAL,TOILETS LOCKED
INSP00987,2025-04-15,SCH0385,1,1,1,1,1,ANYA PALLA,NO REMARKS
INSP02026,2026-03-06,SCH0382,0,1,1,1,0,TANMAYI GOKHALE,TOILETS LOCKED
INSP01912,2026-03-17,SCH0459,1,1,0,1,0,PRIYA DAS,NEEDS REPAIR
INSP01476,2025-06-27,SCH0258,1,0,0,0,0,CALEB MALLICK,NO REMARKS
INSP01299,2025-11-01,SCH0075,1,,1,1,1,WARJAS JANI,TOILETS LOCKED
INSP00114,2025-06-16,SCH0302,1,1,1,1,1,SARA PALLA,NO REMARKS
INSP01211,2025-06-28,SCH0306,1,1,1,1,0,RAJESHRI SHETH,NEEDS REPAIR
INSP02023,2025-10-04,SCH0181,0,1,1,0,,HITESH RAJAN,GOOD CONDITION
INSP01895,2025-05-23,SCH0220,1,0,1,0,0,JAI KARA,TOILETS LOCKED
INSP00086,2026-12-01,SCH0244,1,1,1,1,0,DIPTA RASTOGI,TOILETS LOCKED
INSP02175,2025-11-01,SCH0020,1,1,1,0,1,TRIYA SIBAL,NO REMARKS
INSP00669,2026-01-29,SCH0321,1,1,1,0,0,,NO REMARKS
INSP01015,2025-12-07,SCH0060,,1,1,0,0,DAKSHA WADHWA,NO REMARKS
INSP00129,2026-01-31,SCH0030,1,1,0,1,,POOJA PILLAI,NO REMARKS
INSP02498,2026-10-02,SCH0236,1,1,0,1,0,ESHANA CHANDA,NO REMARKS
INSP02961,2025-08-18,SCH0144,1,1,0,1,1,AZAD SACHAR,NO REMARKS
INSP00892,2025-04-29,SCH0400,0,1,1,1,1,VEDIKA KRISH,GOOD CONDITION
INSP01584,2025-11-27,SCH0151,1,1,1,0,1,ZINAL REGE,GOOD CONDITION
INSP00308,2025-12-21,SCH0116,1,1,1,1,1,NICHOLAS PATHAK,NO REMARKS
INSP00384,2025-10-15,SCH0051,1,0,1,0,1,MAANAS MANGAT,GOOD CONDITION
INSP02044,2025-10-23,SCH0245,1,1,1,1,1,WILLIAM MOHANTY,NO REMARKS
INSP01296,2025-12-12,SCH0346,1,1,,0,,AZAAN DEOL,NO REMARKS
INSP02067,2025-05-11,SCH0215,1,1,1,1,0,JAGRATI GROVER,NEEDS REPAIR
INSP00427,2026-01-12,SCH0452,1,1,1,1,1,CHAKRIKA BAJAJ,GOOD CONDITION
INSP00495,2026-02-16,SCH0491,1,0,1,0,1,KAI MITRA,NEEDS REPAIR
INSP01208,2025-03-04,SCH0526,1,0,1,1,1,SHIVANI CHAHAL,TOILETS LOCKED
INSP02084,2025-09-11,SCH0283,,0,1,1,0,NAVEEN BHANDARI,GOOD CONDITION
INSP01209,2026-01-30,SCH0479,0,1,1,1,1,KRISHNA IYER,GOOD CONDITION
INSP01273,2025-12-23,SCH0191,1,1,1,1,1,AACHAL GARG,GOOD CONDITION
INSP02317,2025-08-14,SCH0241,,1,1,1,1,DANIEL NAGY,NO REMARKS
INSP01400,2025-10-24,SCH0072,1,,1,1,1,BALENDRA SUNDARAM,NEEDS REPAIR
INSP01767,2025-06-22,SCH0105,1,0,1,1,0,KRISHA SHETH,TOILETS LOCKED
INSP00276,2026-02-10,SCH0512,1,1,1,,1,,TOILETS LOCKED
INSP00490,2025-08-06,SCH0353,0,1,1,1,0,CHARVI IYER,NO REMARKS
INSP02667,2026-03-31,SCH0114,0,,,0,1,JEREMIAH TANDON,NO REMARKS
INSP00691,2025-12-10,SCH0310,0,1,0,0,0,,AVERAGE
INSP01798,2026-02-28,SCH0582,1,1,1,1,1,,TOILETS LOCKED
INSP01770,2026-03-21,SCH0105,0,1,1,1,1,ISHA ISSAC,NO REMARKS
INSP02258,2026-07-03,SCH0567,1,1,1,0,1,GUNEET KANNAN,NO REMARKS
INSP01331,2025-10-12,SCH0498,1,1,0,1,1,NITESH BARIA,NO REMARKS
INSP00880,2025-07-08,SCH0590,1,1,1,,0,,TOILETS LOCKED
INSP02868,2026-02-13,SCH0322,1,,1,1,0,GIRISH ZACHARIAH,GOOD CONDITION
INSP01059,2025-08-27,SCH0425,1,1,0,0,0,,TOILETS LOCKED
INSP00119,2025-08-05,SCH0009,1,0,0,1,1,OWEN KOSHY,AVERAGE
INSP01025,2026-03-19,SCH0056,1,1,1,1,1,AMARA SURA,AVERAGE
INSP02784,2026-01-07,SCH0042,1,1,0,1,1,AISHANI BUTALA,NEEDS REPAIR
INSP00282,2025-04-26,SCH0148,0,1,1,1,1,YUVRAJ SURI,GOOD CONDITION
INSP01672,2026-02-27,SCH0540,1,1,1,0,0,BAHADURJIT JHAVERI,NO REMARKS
INSP02459,2026-02-01,SCH0298,0,1,1,,0,ZAITRA BRAHMBHATT,NO REMARKS
INSP00969,2025-09-18,SCH0290,0,1,0,1,0,SANYA DUTTA,TOILETS LOCKED
INSP02064,2026-01-25,SCH0080,1,0,1,1,0,ETHAN MUNI,NO REMARKS
INSP01919,2025-06-01,SCH0536,,1,1,0,1,CHAAYA PAREKH,NO REMARKS
INSP01790,2025-08-14,SCH0213,0,0,1,1,0,YOSHITA RASTOGI,NO REMARKS
INSP00156,2025-04-11,SCH0331,0,1,0,1,0,CHRISTOPHER KOHLI,NO REMARKS
INSP00305,2026-03-01,SCH0416,,1,1,1,0,KRISHA PATEL,NO REMARKS
INSP02054,2025-11-12,SCH0232,1,1,1,1,1,VASATIKA DYAL,NO REMARKS
INSP02684,2025-12-05,SCH0340,,1,1,1,1,,AVERAGE
INSP01690,2025-04-05,SCH0237,1,0,1,1,0,ANIRUDH SWAMINATHAN,NEEDS REPAIR
INSP02781,2025-04-19,SCH0405,1,1,1,0,1,SAKSHAM PALLA,NO REMARKS
INSP02360,2025-12-18,SCH0040,0,0,1,0,1,QABIL MANI,TOILETS LOCKED
INSP01526,2026-01-26,SCH0418,,1,0,1,0,NETRA PURI,NO REMARKS
INSP00576,2026-03-31,SCH0018,0,1,1,0,1,UBIKA NATH,NEEDS REPAIR
INSP02065,2026-02-17,SCH0487,0,1,1,1,0,UNNATI DAYAL,NEEDS REPAIR
INSP02705,2026-02-27,SCH0063,1,1,1,1,0,CHATRESH GALA,GOOD CONDITION
INSP02759,2025-04-05,SCH0448,1,1,0,,0,UPKAAR KAMDAR,TOILETS LOCKED
INSP01584,2025-11-27,SCH0151,1,1,1,0,1,ZINAL REGE,GOOD CONDITION
INSP01322,2025-04-28,SCH0209,1,1,0,0,0,HARITA ZACHARIAH,GOOD CONDITION
INSP00844,2025-07-26,SCH0053,0,,1,,1,WARJAS SUNDARAM,NO REMARKS
INSP01407,2025-11-24,SCH0459,0,1,0,0,0,,NO REMARKS
INSP00270,2025-12-26,SCH0175,1,1,1,,1,,GOOD CONDITION
INSP00630,2026-01-26,SCH0104,1,1,1,1,1,DAYAMAI GOLA,NO REMARKS
INSP01034,2025-10-13,SCH0111,1,1,1,1,0,CHARAN BHAKTA,NEEDS REPAIR
INSP00287,2025-05-09,SCH0395,1,1,1,1,1,WARHI KANDA,NO REMARKS
INSP02331,2026-03-29,SCH0379,,1,0,1,0,SIYA SHAN,GOOD CONDITION
INSP00301,2025-10-31,SCH0078,1,1,1,0,1,SAANVI TRIPATHI,TOILETS LOCKED
INSP01510,2025-08-23,SCH0336,1,1,1,1,0,JAGDISH WARRIOR,TOILETS LOCKED
INSP02020,2025-12-31,SCH0209,1,,0,0,0,ANMOL PAU,NEEDS REPAIR
INSP01868,2026-01-19,SCH0283,1,1,1,1,1,AYAAN HANDA,GOOD CONDITION
INSP01468,2026-01-18,SCH0452,,1,1,0,0,QUINCY DEWAN,TOILETS LOCKED
INSP00066,2025-07-01,SCH0242,1,1,1,1,1,YADAVI KRISHNAN,NO REMARKS
INSP02340,2026-02-03,SCH0174,1,0,1,0,0,LOHIT SAHNI,TOILETS LOCKED
INSP00891,2025-12-08,SCH0446,0,1,1,0,1,RADHA MAHAJAN,AVERAGE
INSP01879,2025-09-29,SCH0430,1,1,1,1,0,,NO REMARKS
INSP01972,2025-07-21,SCH0168,1,1,1,1,1,KALPIT VARKEY,NEEDS REPAIR
INSP02657,2025-12-16,SCH0125,0,1,1,1,1,,NO REMARKS
INSP02976,2026-01-09,SCH0388,1,1,1,,1,,AVERAGE
INSP00231,2025-07-01,SCH0365,1,1,1,1,1,IRYA PATLA,NEEDS REPAIR
INSP00504,2025-04-17,SCH0265,1,1,0,1,1,BALVAN BABU,NEEDS REPAIR
INSP01353,2025-08-17,SCH0179,1,1,1,1,1,VEDA SETHI,NO REMARKS
INSP01511,2025-04-24,SCH0419,,1,1,1,,GABRIEL BHAKTA,AVERAGE
INSP01613,2026-12-01,SCH0361,0,1,1,0,1,EKTA PINGLE,NO REMARKS
INSP01375,2025-09-29,SCH0310,1,1,,1,1,OJAS MOHANTY,NO REMARKS
INSP01005,2025-04-19,SCH0138,1,0,1,0,0,QASIM WALIA,AVERAGE
INSP00837,2025-03-05,SCH0428,1,1,1,1,1,ETHAN SOM,GOOD CONDITION
INSP01724,2025-06-15,SCH0348,,1,1,1,1,YADAVI SURESH,NO REMARKS
INSP00375,2026-02-19,SCH0204,0,1,,1,1,WARJAS SOLANKI,NO REMARKS
INSP01399,2025-07-12,SCH0517,1,1,1,1,1,OSHA MANDAL,NO REMARKS
INSP02226,2025-10-09,SCH0431,1,0,1,1,1,EKANTA KARPE,TOILETS LOCKED
INSP01993,2025-11-21,SCH0214,1,,0,1,0,RAGHAV SAXENA,NO REMARKS
INSP02012,2025-11-25,SCH0223,1,0,1,0,0,,NO REMARKS
INSP01006,2025-11-29,SCH0053,0,1,1,0,0,IRYA BAWA,TOILETS LOCKED
INSP00752,2026-01-04,SCH0381,1,1,1,1,1,RAJATA SRINIVAS,TOILETS LOCKED
INSP00100,2025-01-08,SCH0033,1,1,1,1,1,ONKAR SARMA,AVERAGE
INSP01923,2025-04-05,SCH0253,1,1,1,1,0,HARITA TOOR,NEEDS REPAIR
INSP00867,2025-10-01,SCH0495,1,1,1,1,1,ROBERT PRADHAN,NO REMARKS
INSP00911,2025-09-18,SCH0400,0,1,1,1,1,,TOILETS LOCKED
INSP01477,2025-09-15,SCH0297,0,1,1,1,1,SANYA TATA,AVERAGE
INSP00530,2025-12-15,SCH0524,1,,1,0,1,JONATHAN NARASIMHAN,AVERAGE
INSP01261,2025-07-04,SCH0204,1,0,1,0,,,TOILETS LOCKED
INSP01832,2025-11-15,SCH0362,0,1,1,0,1,DEVANSH RAI,NO REMARKS
INSP00637,2025-10-27,SCH0038,1,0,1,0,0,NOAH MITTAL,GOOD CONDITION
INSP01270,2025-11-11,SCH0056,1,1,1,1,1,JEEVIKA GOLA,GOOD CONDITION
INSP00186,2025-08-28,SCH0179,1,1,1,1,1,CHARITA KARAN,NO REMARKS
INSP01382,2025-11-16,SCH0306,1,0,0,1,1,EKBAL DALAL,NO REMARKS
INSP01568,2025-06-27,SCH0076,1,1,,1,0,ABDUL KARA,AVERAGE
INSP00932,2025-09-23,SCH0311,1,,1,,0,BARKHA CHAUDHURI,TOILETS LOCKED
INSP02877,2025-08-06,SCH0404,0,1,1,1,0,ANIKA DESHMUKH,NO REMARKS
INSP02419,2026-01-08,SCH0221,1,1,1,1,0,KAMALA SAMPATH,NO REMARKS
INSP01559,2025-11-03,SCH0544,1,1,0,,0,TRIYA ACHARYA,NO REMARKS
INSP02810,2025-08-16,SCH0587,,1,1,0,1,MOHAMMED WABLE,AVERAGE
INSP01274,2025-07-14,SCH0356,,1,0,1,1,EKAJA GUHA,AVERAGE
INSP02180,2025-10-25,SCH0591,1,1,1,0,1,ADVAITH BADAL,AVERAGE
INSP00608,2025-08-26,SCH0580,1,1,0,1,0,DAVID VISWANATHAN,TOILETS LOCKED
INSP01503,2025-10-16,SCH0140,1,1,1,1,1,KRISHNA THAMAN,NEEDS REPAIR
INSP00152,2025-10-05,SCH0127,0,1,1,1,0,ZAYAN RAMAKRISHNAN,GOOD CONDITION
INSP01437,2025-04-03,SCH0373,1,1,1,0,0,AADHYA SACHAR,NEEDS REPAIR
INSP02260,2025-06-22,SCH0239,1,1,,0,1,GIRIK WABLE,NO REMARKS
INSP00732,2025-09-13,SCH0480,1,1,0,1,1,LOPA BALAY,NO REMARKS
INSP02857,2026-02-10,SCH0305,0,0,1,1,1,VASUDHA BADAMI,TOILETS LOCKED
INSP00094,2025-10-28,SCH0234,1,0,1,0,1,EKAPAD RATTAN,NEEDS REPAIR
INSP02869,2025-04-21,SCH0566,1,1,1,1,1,RAJESHRI MITRA,TOILETS LOCKED
INSP00024,2026-03-09,SCH0056,1,1,1,1,,BHAVNA KAMDAR,NO REMARKS
INSP02627,2025-09-16,SCH0495,0,1,1,1,1,ARUNIMA KRISHNA,AVERAGE
INSP00159,2025-10-14,SCH0559,1,1,1,0,0,NIDRA ROUT,GOOD CONDITION
INSP00862,2025-09-05,SCH0168,0,1,0,1,0,ISHANVI PATIL,NO REMARKS
INSP00903,2026-02-24,SCH0331,1,1,0,0,1,AACHAL TELLA,TOILETS LOCKED
INSP02981,2026-02-25,SCH0253,1,1,0,0,1,BALENDRA MORE,TOILETS LOCKED
INSP01231,2025-08-25,SCH0243,1,1,1,,1,BALVEER GARDE,NEEDS REPAIR
INSP02377,2025-12-12,SCH0540,1,1,1,0,0,BINA DESHPANDE,AVERAGE
INSP00445,2025-07-09,SCH0569,1,1,1,0,0,HIRAL RAY,TOILETS LOCKED
INSP01821,2025-12-12,SCH0457,1,0,1,,1,DARPAN DARA,TOILETS LOCKED
INSP00755,2025-07-15,SCH0575,1,1,1,1,0,DAYITA OM,TOILETS LOCKED
INSP00924,2025-12-10,SCH0155,1,1,1,1,1,LUCKY RATTI,NEEDS REPAIR
INSP01942,2026-02-12,SCH0137,1,1,1,1,0,REYANSH KATA,AVERAGE
INSP02988,2025-03-05,SCH0242,0,1,1,1,0,JANAKI BAJWA,AVERAGE
INSP00312,2026-03-23,SCH0175,1,1,1,0,1,NIHAL PANCHAL,NEEDS REPAIR
INSP00549,2026-01-29,SCH0429,1,1,1,0,0,LILA OAK,TOILETS LOCKED
INSP02105,2026-01-23,SCH0173,1,1,,0,0,ATI SANKAR,NO REMARKS
INSP01625,2025-04-13,SCH0498,0,1,1,0,0,KEVIN GOLE,NO REMARKS
INSP00307,2025-12-28,SCH0595,1,1,1,1,0,DAVID PILLAI,GOOD CONDITION
INSP00288,2025-11-03,SCH0283,1,0,1,1,1,,NEEDS REPAIR
INSP00695,2025-04-09,SCH0278,1,1,1,1,1,NIMRAT PRASHAD,NEEDS REPAIR
INSP00309,2025-05-10,SCH0487,1,1,1,0,0,OSHA KANT,AVERAGE
INSP02444,2026-01-01,SCH0286,1,1,0,1,1,QARIN MANDAL,AVERAGE
INSP00750,2026-03-24,SCH0080,0,1,1,1,1,UDANT SEHGAL,TOILETS LOCKED
INSP01602,2026-03-02,SCH0323,1,1,1,,1,ZARNA RAMA,NO REMARKS
INSP02632,2026-02-18,SCH0051,1,0,1,0,0,UPMA BIR,TOILETS LOCKED
INSP01691,2025-07-29,SCH0570,1,1,1,1,0,ADVAY SANDHU,AVERAGE
INSP01577,2026-03-24,SCH0552,,1,1,,0,,GOOD CONDITION
INSP00909,2025-06-16,SCH0112,1,1,,1,1,ZARNA PUROHIT,NO REMARKS
INSP00087,2025-12-27,SCH0568,0,1,1,1,1,SACHI VYAS,AVERAGE
INSP02504,2025-06-08,SCH0059,1,1,1,1,0,FITAN KANDA,NO REMARKS
INSP02958,2025-06-28,SCH0264,1,1,0,1,,MICHAEL AMBLE,TOILETS LOCKED
INSP02624,2025-09-01,SCH0035,0,1,1,1,1,MUGDHA DASGUPTA,NO REMARKS
INSP00971,2025-08-22,SCH0547,1,1,1,,1,JAIRAJ JAGGI,NEEDS REPAIR
INSP00014,2026-05-01,SCH0325,1,1,0,1,1,FALAN SANKARAN,NEEDS REPAIR
INSP00874,2025-12-09,SCH0011,1,1,1,0,1,,NEEDS REPAIR
INSP00809,2026-01-28,SCH0064,0,1,,0,1,VIRAJ BARAD,GOOD CONDITION
INSP02711,2026-02-23,SCH0168,0,1,0,,1,ZEHAAN KUMER,TOILETS LOCKED
INSP00515,2025-04-05,SCH0548,1,1,1,1,0,VIDHI KHALSA,NO REMARKS
INSP02779,2026-08-02,SCH0481,1,1,1,1,0,SAI MAHAL,NEEDS REPAIR
INSP00410,2025-11-03,SCH0072,1,1,1,0,0,WISHI BABU,NO REMARKS
INSP02010,2025-09-18,SCH0206,1,1,1,0,1,PRANEEL BHANDARI,NO REMARKS
INSP01338,2026-01-17,SCH0261,1,1,,1,0,MITALI KRISHNAMURTHY,NO REMARKS
INSP02383,2026-02-05,SCH0199,,1,1,0,0,SIYA GROVER,NO REMARKS
INSP01462,2025-06-03,SCH0138,0,1,1,1,0,NIDRA DASGUPTA,TOILETS LOCKED
INSP01371,2026-01-03,SCH0275,0,1,1,,0,LABAN MENON,AVERAGE
INSP02807,2025-09-02,SCH0259,1,1,1,0,0,AACHAL JOHAL,GOOD CONDITION
INSP01585,2025-09-15,SCH0263,1,1,,1,1,CHASMUM MITTAL,GOOD CONDITION
INSP00383,2025-09-17,SCH0473,1,1,1,0,0,FARIQ NAIDU,NEEDS REPAIR
INSP02016,2025-04-07,SCH0201,1,0,1,,1,OJAS GARDE,GOOD CONDITION
INSP02663,2025-09-29,SCH0229,1,1,1,1,1,FALGUNI DASGUPTA,NO REMARKS
INSP02496,2025-09-10,SCH0243,0,1,0,1,1,GARIMA MANE,NO REMARKS
INSP02462,2025-07-07,SCH0016,1,1,1,1,,VIRAJ BATTA,TOILETS LOCKED
INSP01848,2026-01-18,SCH0051,1,1,1,1,0,OSCAR MAHARAJ,GOOD CONDITION
INSP02059,2026-01-16,SCH0145,1,1,1,0,,CHAITALY MUTTI,GOOD CONDITION
INSP02629,2026-03-22,SCH0448,1,1,1,0,1,JEREMIAH SIDHU,TOILETS LOCKED
INSP00553,2025-08-25,SCH0245,1,1,1,,0,JAGVI KUMAR,NO REMARKS
INSP00223,2025-10-14,SCH0027,0,0,,,,SHRAVYA DIVAN,NO REMARKS
INSP01097,2025-07-25,SCH0530,1,1,,1,0,JAGAT PATHAK,TOILETS LOCKED
INSP00045,2025-11-04,SCH0003,1,1,,1,1,NICHOLAS KEER,NO REMARKS
INSP00009,2025-12-29,SCH0555,1,1,1,1,1,BENJAMIN BALI,NEEDS REPAIR
INSP02863,2026-01-23,SCH0586,,1,1,,1,ONKAR MOHANTY,NEEDS REPAIR
INSP00317,2026-02-25,SCH0154,1,1,0,1,1,CHATRESH NAIK,NO REMARKS
INSP01329,2025-04-16,SCH0151,1,1,0,1,0,PRANEEL KEER,TOILETS LOCKED
INSP00428,2025-06-28,SCH0207,,1,1,0,1,ROBERT SARRAF,AVERAGE
INSP01492,2025-12-12,SCH0268,0,0,1,1,,,NO REMARKS
INSP00106,2026-01-17,SCH0441,1,1,1,1,1,PAHAL UPADHYAY,NEEDS REPAIR
INSP02241,2025-05-22,SCH0505,1,1,0,,0,ZAITRA NARULA,NO REMARKS
INSP00143,2025-12-13,SCH0402,1,1,1,1,1,BHAVYA MANNAN,GOOD CONDITION
INSP00122,2025-03-07,SCH0359,1,1,0,1,0,GEETIKA SAMPATH,AVERAGE
INSP02495,2025-07-26,SCH0504,,1,1,1,0,VEDHIKA SRINIVAS,AVERAGE
INSP00409,2025-04-17,SCH0069,1,1,1,0,1,VAISHNAVI SARKAR,NO REMARKS
INSP01190,2026-03-08,SCH0496,0,1,1,1,1,DAMINI MADAN,GOOD CONDITION
INSP02081,2026-02-14,SCH0443,,1,0,1,0,HEMA BASU,GOOD CONDITION
INSP02783,2025-07-17,SCH0480,1,1,1,1,0,ONI BHAGAT,NO REMARKS
INSP02114,2025-10-24,SCH0388,0,1,1,0,0,,NO REMARKS
INSP00116,2026-01-07,SCH0071,0,0,1,1,0,EKBAL MOHANTY,AVERAGE
INSP01570,2026-10-02,SCH0257,1,1,1,1,0,DEEPA KALLA,TOILETS LOCKED
INSP02269,2026-02-08,SCH0558,1,1,1,1,1,PRISHA TANK,NO REMARKS
INSP02261,2025-09-20,SCH0509,1,1,1,1,1,YASH ANDRA,GOOD CONDITION
INSP01818,2025-06-26,SCH0211,1,1,1,1,0,KRISHA SABHARWAL,AVERAGE
INSP00417,2025-10-25,SCH0200,1,1,0,0,1,PRANIT LUTHRA,TOILETS LOCKED
INSP01784,2025-07-30,SCH0397,1,1,1,1,0,,GOOD CONDITION
INSP02004,2025-10-05,SCH0132,,1,0,1,1,ANDREW RAJU,AVERAGE
INSP00673,2025-04-09,SCH0173,1,0,0,1,1,VRISHTI MISRA,NO REMARKS
INSP01727,2025-07-26,SCH0371,0,1,1,1,0,IRYA SURI,NO REMARKS
INSP01819,2026-03-30,SCH0495,1,1,1,0,1,,NO REMARKS
INSP02186,2025-04-05,SCH0193,0,1,1,0,1,AAYUSH VISWANATHAN,AVERAGE
INSP00592,2025-12-03,SCH0329,1,,0,1,0,LAKSH NARAYANAN,NO REMARKS
INSP02187,2026-01-14,SCH0049,1,1,1,1,1,IDIKA VASA,GOOD CONDITION
INSP00889,2025-07-01,SCH0379,1,1,1,0,0,WRIDDHISH LAL,NO REMARKS
INSP01958,2025-10-18,SCH0525,0,1,1,1,1,CHRISTOPHER CHOUDHURY,TOILETS LOCKED
INSP02292,2025-10-29,SCH0013,1,1,1,1,0,NIHARIKA GARA,GOOD CONDITION
INSP02058,2025-10-16,SCH0588,1,1,,1,0,VRITTI OM,NO REMARKS
INSP00214,2025-08-30,SCH0147,1,1,1,1,1,BALVEER DIN,NEEDS REPAIR
INSP00779,2025-08-08,SCH0418,1,1,1,,,GAURIKA DUGAL,GOOD CONDITION
INSP01863,2025-08-27,SCH0092,0,,1,,0,PRATYUSH MANI,NO REMARKS
INSP00801,2025-08-06,SCH0552,0,1,1,1,1,HENRY MODI,AVERAGE
INSP02610,2025-12-19,SCH0145,,1,1,1,0,BISHAKHA SUBRAMANIAM,NO REMARKS
INSP01615,2025-05-22,SCH0534,1,1,1,1,0,BISHAKHA BARIA,NEEDS REPAIR
INSP01703,2025-05-30,SCH0242,1,1,1,1,0,HARINI AHLUWALIA,NEEDS REPAIR
INSP02407,2026-01-16,SCH0533,0,0,,1,0,ATI LALA,NEEDS REPAIR
INSP02915,2025-11-21,SCH0144,,1,1,0,0,OLIVER DUBEY,NO REMARKS
INSP02986,2025-09-04,SCH0293,1,1,1,1,1,NANDINI MANN,GOOD CONDITION
INSP02851,2026-03-22,SCH0442,1,0,1,0,1,YUG CHAND,NEEDS REPAIR
INSP01344,2026-10-03,SCH0450,0,1,1,0,0,OMYA MINHAS,GOOD CONDITION
INSP00274,2025-07-21,SCH0453,1,1,1,0,0,LEKHA KHANNA,AVERAGE
INSP00072,2025-09-23,SCH0321,,1,1,0,0,,GOOD CONDITION
INSP02534,2025-05-29,SCH0023,1,1,1,0,0,AVI RAU,NO REMARKS
INSP01088,2025-07-31,SCH0316,1,1,1,1,0,CHATURA CHEEMA,NO REMARKS
INSP00395,2026-02-28,SCH0191,1,,1,1,0,HARITA BALAN,AVERAGE
INSP00584,2025-09-08,SCH0196,1,1,1,0,0,TANMAYI MANN,GOOD CONDITION
INSP01704,2025-06-04,SCH0433,0,,1,1,1,GAURANG BANDI,NO REMARKS
INSP02124,2025-04-27,SCH0043,1,1,1,1,1,,NO REMARKS
INSP02130,2025-10-02,SCH0199,1,1,1,0,1,,NO REMARKS
INSP00501,2025-05-22,SCH0126,1,,1,0,0,CHANDRESH BAVA,TOILETS LOCKED
INSP02894,2025-06-19,SCH0479,1,,0,0,0,FARAJ NORI,GOOD CONDITION
INSP02343,2025-07-09,SCH0320,1,0,1,1,0,ZAYYAN KHARE,GOOD CONDITION
INSP00766,2026-02-20,SCH0268,1,1,1,1,1,AYUSH BAKSHI,NEEDS REPAIR
INSP02881,2025-12-25,SCH0080,0,1,,1,1,VANSHA SOLANKI,AVERAGE
INSP01652,2025-12-25,SCH0088,1,1,1,1,1,AYAAN TAK,GOOD CONDITION
INSP01260,2025-05-12,SCH0477,0,1,,1,1,AVNI BUTALA,AVERAGE
INSP02909,2025-12-16,SCH0308,0,,,0,1,LABAN HARI,NEEDS REPAIR
INSP02242,2025-11-29,SCH0171,1,1,1,,0,BALENDRA THAKER,NEEDS REPAIR
INSP00206,2025-11-23,SCH0218,1,1,1,1,0,YAHVI BRAHMBHATT,AVERAGE
INSP00734,2025-05-28,SCH0419,1,0,1,1,1,ANAY DUBEY,GOOD CONDITION
INSP02514,2025-06-07,SCH0442,1,1,0,0,1,BENJAMIN MAHAJAN,NO REMARKS
INSP00527,2026-03-30,SCH0209,1,0,1,0,0,BHAVINI CONTRACTOR,NO REMARKS
INSP01917,2025-10-25,SCH0232,1,1,,0,1,GARIMA DHAWAN,TOILETS LOCKED
INSP00899,2025-07-30,SCH0108,0,,0,0,1,UPMA MANI,NO REMARKS
INSP00378,2025-08-21,SCH0299,1,1,1,1,0,IKSHITA KADAKIA,TOILETS LOCKED
INSP01926,2025-06-04,SCH0247,1,1,1,1,1,,NEEDS REPAIR
INSP02820,2025-12-17,SCH0328,0,1,1,1,0,YASTI ARYA,NO REMARKS
INSP01612,2025-04-30,SCH0205,0,1,1,,1,AZAD NARAYAN,NEEDS REPAIR
INSP00387,2025-07-05,SCH0307,1,1,1,1,1,GAURANG CHOWDHURY,NEEDS REPAIR
INSP00199,2025-06-08,SCH0253,0,1,1,1,0,HARSHIL CHOUDHURY,NO REMARKS
INSP01051,2025-12-25,SCH0319,,1,1,1,1,UBIKA KARI,GOOD CONDITION
INSP00591,2026-03-27,SCH0384,1,1,1,0,1,ANIRUDH DEWAN,NEEDS REPAIR
INSP00520,2026-03-19,SCH0220,0,1,,0,0,,NO REMARKS
INSP02132,2025-07-31,SCH0568,1,0,0,0,1,YADAVI DORA,AVERAGE
INSP02747,2025-07-23,SCH0174,1,1,1,0,0,NATHANIEL PUROHIT,NO REMARKS
INSP00430,2026-01-31,SCH0412,0,1,1,0,1,CHANDRAN SINGHAL,TOILETS LOCKED
INSP01084,2026-01-03,SCH0194,0,1,1,,0,NIRJA BANDI,AVERAGE
INSP00208,2025-11-24,SCH0376,1,1,1,,0,,NO REMARKS
INSP00492,2025-04-10,SCH0536,1,1,1,1,0,ETHAN SAMRA,NO REMARKS
INSP02104,2025-10-17,SCH0321,0,1,0,0,1,SIDDHARTH RAMESH,NO REMARKS
INSP01360,2025-07-13,SCH0168,1,1,1,1,1,TRIYA DEWAN,TOILETS LOCKED
INSP00793,2025-06-09,SCH0228,1,1,0,0,1,,NO REMARKS
INSP02623,2025-04-16,SCH0074,1,1,0,1,0,FARAS DEO,NEEDS REPAIR
INSP01187,2025-12-19,SCH0269,1,1,1,0,0,FARIQ KUNDA,NO REMARKS
INSP01186,2025-04-26,SCH0540,0,0,0,0,0,SAUMYA PARSA,TOILETS LOCKED
INSP01965,2026-02-07,SCH0079,1,1,1,1,1,HARDIK DHILLON,NO REMARKS
INSP01816,2025-09-25,SCH0216,1,1,0,1,1,URISHILLA GOUR,NO REMARKS
INSP02352,2025-07-19,SCH0348,1,1,1,1,0,SIYA MODY,NO REMARKS
INSP01411,2025-01-10,SCH0289,,1,1,1,0,,NEEDS REPAIR
INSP00084,2026-01-02,SCH0093,,1,1,1,,MEERA SURA,GOOD CONDITION
INSP02554,2025-12-22,SCH0278,0,1,,1,1,IRYA SRINIVAS,NEEDS REPAIR
INSP02346,2025-02-07,SCH0523,1,1,1,0,0,GIRINDRA GADE,NO REMARKS
INSP00021,2025-04-12,SCH0199,1,1,0,1,0,,NO REMARKS
INSP01539,2025-05-08,SCH0149,0,1,0,1,1,UBIKA KALA,AVERAGE
INSP01707,2025-04-15,SCH0550,1,,1,1,0,ARJUN BAVA,NO REMARKS
INSP01745,2026-03-21,SCH0599,1,1,1,1,1,IJAYA ANDRA,AVERAGE
INSP01406,2025-10-20,SCH0111,1,1,1,1,1,AARUSH VENKATARAMAN,NO REMARKS
INSP02867,2026-01-14,SCH0535,0,1,1,1,1,MOHAMMED PRASHAD,NO REMARKS
INSP02343,2025-07-09,SCH0320,1,0,1,1,0,ZAYYAN KHARE,GOOD CONDITION
INSP02832,2025-05-15,SCH0063,1,1,1,0,0,EIRAVATI TRIPATHI,TOILETS LOCKED
INSP02883,2025-08-05,SCH0449,1,1,1,0,1,,NO REMARKS
INSP00974,2025-05-25,SCH0276,,1,0,1,1,KEYA ZACHARIA,GOOD CONDITION
INSP02932,2025-08-19,SCH0516,0,1,1,1,0,DEVANSH LOYAL,NO REMARKS
INSP00884,2025-10-17,SCH0377,1,1,,1,1,ISHITA RAJA,NO REMARKS
INSP01099,2025-04-25,SCH0239,1,1,1,0,,ORINDER SUR,GOOD CONDITION
INSP00157,2025-09-10,SCH0201,1,1,1,1,0,WAZIR PANCHAL,NEEDS REPAIR
INSP02400,2025-05-07,SCH0464,1,1,1,1,0,,AVERAGE
INSP00887,2025-09-23,SCH0105,1,1,,1,1,BALHAAR DHAWAN,NEEDS REPAIR
INSP02013,2025-08-16,SCH0098,1,1,1,0,1,KAMALA KHATRI,GOOD CONDITION
INSP01779,2025-09-17,SCH0063,1,1,1,0,0,ZAYAN AURORA,AVERAGE
INSP02608,2025-08-04,SCH0290,1,,1,1,1,FARIQ MITRA,TOILETS LOCKED
INSP01673,2026-02-26,SCH0471,1,0,1,1,0,SARTHAK BHARDWAJ,GOOD CONDITION
INSP02666,2025-04-21,SCH0600,0,1,1,,0,GANGA NAYAK,NEEDS REPAIR
INSP02487,2025-12-10,SCH0438,,1,1,1,,CHANAKYA HAYER,NO REMARKS
INSP02977,2025-04-14,SCH0359,0,1,1,1,0,JEREMIAH CHAUDHARI,NO REMARKS
INSP01454,2025-02-09,SCH0141,1,0,1,1,0,ADYA ISSAC,NO REMARKS
INSP02786,2025-05-19,SCH0358,1,,0,1,0,AYUSH DESHMUKH,NO REMARKS
INSP00459,2025-12-27,SCH0307,1,1,0,1,1,REYANSH RAVAL,NO REMARKS
INSP00015,2025-04-05,SCH0124,1,1,0,1,1,YASHODA JANI,AVERAGE
INSP00079,2025-12-13,SCH0207,1,1,1,1,0,,NO REMARKS
INSP02679,2025-12-05,SCH0412,0,1,1,0,,SAMESH KOSHY,GOOD CONDITION
INSP01057,2025-06-06,SCH0009,1,1,1,0,0,VEDA CHADA,NO REMARKS
INSP00907,2026-03-12,SCH0598,1,1,0,0,1,TURVI BANERJEE,NEEDS REPAIR
INSP01750,2025-05-21,SCH0089,0,1,1,0,,YASHVI MOHAN,NO REMARKS
INSP02334,2025-11-22,SCH0046,1,1,1,0,0,SAMESH KRISHNAN,TOILETS LOCKED
INSP02835,2025-10-28,SCH0273,1,1,1,0,0,NATHAN KEER,GOOD CONDITION
INSP00381,2025-11-03,SCH0235,1,1,1,1,,GEORGE ARYA,NO REMARKS
INSP00948,2026-03-12,SCH0071,0,1,1,0,1,NIHAL DEVAN,GOOD CONDITION
INSP01911,2025-05-19,SCH0423,1,1,,1,,OWEN NAGY,AVERAGE
INSP02118,2026-03-01,SCH0429,1,1,1,1,1,MAANAS HANDA,AVERAGE
INSP00716,2025-10-27,SCH0117,1,1,1,1,1,JAGDISH GOUR,NO REMARKS
INSP02108,2025-10-14,SCH0295,1,1,1,0,1,WIDISHA PALL,TOILETS LOCKED
INSP00687,2025-10-17,SCH0284,1,1,1,1,0,YUG KAMDAR,NO REMARKS
INSP02698,2025-06-03,SCH0282,1,1,1,1,0,GAURIKA UPADHYAY,NO REMARKS
INSP01294,2025-10-23,SCH0099,0,1,1,1,1,UDANT MUNI,NEEDS REPAIR
INSP00306,2025-06-17,SCH0447,1,,0,0,1,ISAIAH GOLLA,TOILETS LOCKED
INSP00210,2025-12-22,SCH0500,0,1,1,1,1,DIVYA ATWAL,TOILETS LOCKED
INSP01660,2026-01-27,SCH0026,1,,1,1,0,,GOOD CONDITION
INSP02341,2025-09-14,SCH0561,0,1,0,0,1,NITARA COMAR,TOILETS LOCKED
INSP01201,2025-12-06,SCH0297,1,0,1,0,0,SAMAR BHATT,NO REMARKS
INSP01721,2025-04-08,SCH0600,0,1,1,1,1,OM SANGHVI,NEEDS REPAIR
INSP00886,2025-07-12,SCH0409,1,1,1,1,0,GAUTAM KRISHNAN,TOILETS LOCKED
INSP02615,2025-05-31,SCH0129,0,1,1,0,0,,NO REMARKS
INSP00918,2025-08-01,SCH0221,1,1,1,0,0,UMANG KULKARNI,NO REMARKS
INSP01861,2025-09-25,SCH0061,1,1,1,0,0,AARUSH RAMAKRISHNAN,TOILETS LOCKED
INSP01065,2025-06-27,SCH0074,1,1,0,1,0,JALSA GOKHALE,GOOD CONDITION
INSP00192,2026-03-30,SCH0188,1,0,1,1,1,TANVI BAHRI,NO REMARKS
INSP01949,2026-01-23,SCH0203,1,1,1,,1,GANGA NAYAK,NEEDS REPAIR
INSP02148,2025-09-21,SCH0058,0,0,1,1,,NETRA SHETTY,NEEDS REPAIR
INSP01266,2026-03-20,SCH0479,1,0,1,1,0,WYATT SHROFF,NEEDS REPAIR
INSP00484,2025-08-14,SCH0004,1,1,1,1,,MICHAEL THAKUR,TOILETS LOCKED
INSP00916,2025-11-08,SCH0274,1,0,1,0,0,ETHAN SWAMINATHAN,NO REMARKS
INSP02733,2025-08-09,SCH0071,1,1,1,1,1,,AVERAGE
INSP00278,2026-02-06,SCH0530,0,1,1,0,0,JOSHUA RAJAGOPALAN,TOILETS LOCKED
INSP00989,2026-03-31,SCH0413,1,0,1,1,,GAVIN TANEJA,TOILETS LOCKED
INSP01957,2026-03-26,SCH0210,1,1,0,1,0,AYUSHMAN RAJU,NO REMARKS
INSP01246,2025-07-06,SCH0285,1,1,1,0,,HENRY BASAK,GOOD CONDITION
INSP01815,2025-05-01,SCH0240,0,0,1,1,,LAVANYA CHOUDHRY,AVERAGE
INSP00572,2026-02-21,SCH0369,1,1,,1,1,BAKHSHI RAMAN,TOILETS LOCKED
INSP01436,2025-09-04,SCH0312,0,1,1,1,0,MANTHAN RAJA,AVERAGE
INSP00994,2026-02-08,SCH0595,1,0,0,0,1,,GOOD CONDITION
INSP01567,2026-08-01,SCH0434,0,1,0,0,0,JATIN GANESH,NO REMARKS
INSP01563,2025-10-10,SCH0589,0,0,1,0,0,WAIDA THAKKAR,NO REMARKS
INSP00586,2025-04-21,SCH0569,0,1,,1,1,,NEEDS REPAIR
INSP02526,2025-10-28,SCH0484,0,1,0,1,0,DAYITA NAYAR,NEEDS REPAIR
INSP02788,2026-02-18,SCH0508,,1,1,,0,SAMAR MUNSHI,NO REMARKS
INSP02324,2025-08-13,SCH0493,1,0,0,0,1,ATI WAGLE,AVERAGE
INSP01350,2025-08-21,SCH0169,1,1,0,1,0,TARAK SHETTY,NO REMARKS
INSP01008,2025-04-04,SCH0583,0,1,0,1,0,OMISHA OZA,NO REMARKS
INSP00675,2025-07-31,SCH0513,1,0,1,1,1,,AVERAGE
INSP02203,2025-07-10,SCH0472,1,1,,1,1,CHANAKYA TANDON,AVERAGE
INSP00856,2025-08-01,SCH0373,1,1,0,,1,JAGRATI KRISHNAMURTHY,NEEDS REPAIR
INSP00448,2025-06-01,SCH0066,1,1,1,,1,ODIKA MAHARAJ,NEEDS REPAIR
INSP01843,2026-03-15,SCH0032,1,1,0,1,0,MEERA SAMPATH,NO REMARKS
INSP01862,2025-04-11,SCH0243,1,1,1,1,0,PRANEEL KALLA,TOILETS LOCKED
INSP01804,2025-05-13,SCH0246,1,1,0,,,MADHAV WALI,NEEDS REPAIR
INSP02382,2025-09-25,SCH0043,1,1,1,0,1,CALEB THAKUR,NEEDS REPAIR
INSP02813,2025-12-03,SCH0281,1,1,0,0,1,ANITA TARA,NO REMARKS
INSP02509,2025-11-03,SCH0589,1,1,1,1,0,CHANAKYA TANEJA,NEEDS REPAIR
INSP01915,2025-03-05,SCH0390,1,1,1,1,,ANAY GOLLA,NO REMARKS
INSP02809,2025-08-01,SCH0326,1,1,1,1,0,ANTHONY JHA,NO REMARKS
INSP02619,2025-12-21,SCH0320,1,1,1,1,0,VIHAAN PARSA,AVERAGE
INSP01248,2026-03-22,SCH0520,1,1,1,0,0,LOGAN BALASUBRAMANIAN,AVERAGE
INSP00295,2025-07-20,SCH0283,1,1,1,1,0,UNNATI TELLA,NEEDS REPAIR
INSP01548,2025-06-20,SCH0224,1,0,1,1,0,FITAN UPADHYAY,TOILETS LOCKED
INSP00589,2026-03-30,SCH0044,0,0,1,0,0,JACOB PANDIT,TOILETS LOCKED
INSP01282,2025-04-18,SCH0086,,1,1,1,0,MANBIR SETHI,NO REMARKS
INSP01589,2025-11-13,SCH0438,1,0,,1,0,DHRITI PANDIT,NO REMARKS
INSP02035,2025-05-04,SCH0445,1,,1,0,0,CHAVVI KHURANA,GOOD CONDITION
INSP02695,2025-05-13,SCH0276,1,1,1,0,,UPASNA KADE,GOOD CONDITION
INSP02520,2026-01-30,SCH0039,0,1,1,1,1,RIA MENON,GOOD CONDITION
INSP02376,2025-04-14,SCH0417,1,1,1,0,1,,GOOD CONDITION
INSP01418,2025-07-18,SCH0204,1,1,1,1,1,TARA LOYAL,AVERAGE
INSP00426,2025-07-19,SCH0254,0,0,1,0,1,WISHI RAMA,AVERAGE
INSP00535,2025-04-14,SCH0280,1,1,1,1,1,YAHVI SENGUPTA,GOOD CONDITION
INSP01055,2026-01-03,SCH0500,1,1,1,0,1,JANYA SAXENA,NEEDS REPAIR
INSP02567,2026-03-27,SCH0524,1,1,1,1,0,ARIN SOOD,NO REMARKS
INSP02635,2025-05-28,SCH0003,1,1,1,1,0,,AVERAGE
INSP02928,2025-08-01,SCH0508,0,0,0,1,0,VINAYA GHOSH,NEEDS REPAIR
INSP00133,2025-08-04,SCH0250,0,1,1,1,1,MUGDHA VARMA,AVERAGE
INSP00315,2025-11-13,SCH0483,1,1,1,0,0,ANVI TARA,NEEDS REPAIR
INSP02184,2025-11-05,SCH0230,1,0,0,1,1,YATIN PRASAD,AVERAGE
INSP00422,2025-12-31,SCH0093,1,1,1,0,1,LEELA NARULA,NEEDS REPAIR
INSP02796,2025-06-07,SCH0600,0,1,1,1,,ANAY MAHAL,NO REMARKS
INSP02149,2025-08-22,SCH0566,1,1,0,0,1,ALKA BAWA,NO REMARKS
INSP01761,2025-07-18,SCH0564,0,1,1,1,,TANVEER REDDY,AVERAGE
INSP01369,2025-04-28,SCH0287,1,1,1,0,0,RACHANA DASS,TOILETS LOCKED
INSP00557,2025-04-30,SCH0356,0,1,1,0,1,SAUMYA NARANG,AVERAGE
INSP02460,2025-04-16,SCH0257,1,1,0,,0,DIPTA DE,TOILETS LOCKED
INSP01661,2025-12-25,SCH0119,1,1,1,,1,WYATT SHARAF,TOILETS LOCKED
INSP02817,2025-06-22,SCH0054,0,1,,1,,AAHANA SANI,NO REMARKS
INSP02045,2025-06-07,SCH0458,1,1,1,0,0,RISHI SRIDHAR,GOOD CONDITION
INSP00571,2025-07-30,SCH0223,1,1,1,1,,YASH SAMI,NO REMARKS
INSP00353,2025-06-17,SCH0276,1,1,1,,0,PATRICK RAU,NO REMARKS
INSP00092,2026-07-01,SCH0555,1,1,1,0,,WARDA KRISHNA,NO REMARKS
INSP02969,2025-10-09,SCH0329,1,1,1,1,1,RAYAAN MITAL,NEEDS REPAIR
INSP02665,2025-11-04,SCH0314,0,1,1,0,,,NO REMARKS
INSP01171,2025-11-29,SCH0534,1,0,1,1,1,CHAITALY BALAN,NO REMARKS
INSP02896,2025-09-06,SCH0075,,0,0,,1,PRANEEL DEO,NO REMARKS
INSP01286,2026-03-24,SCH0423,1,,1,1,0,WAZIR SEHGAL,AVERAGE
INSP02169,2025-06-16,SCH0037,1,1,0,1,0,QARIN PARMAR,NO REMARKS
INSP02226,2025-10-09,SCH0431,1,0,1,1,1,EKANTA KARPE,TOILETS LOCKED
INSP02216,2025-09-27,SCH0318,1,1,0,0,0,VEDIKA DESHPANDE,NO REMARKS
INSP01592,2025-06-17,SCH0234,1,1,1,1,0,JHALAK CHOUDHRY,NO REMARKS
INSP02634,2026-02-11,SCH0442,1,0,1,1,1,WAZIR KAPUR,TOILETS LOCKED
INSP00698,2025-08-15,SCH0351,1,1,1,1,1,VICTOR BHANDARI,NO REMARKS
INSP02637,2025-09-17,SCH0327,1,1,0,0,1,OSCAR SUNDER,NO REMARKS
INSP00349,2026-02-05,SCH0207,0,1,1,1,0,QUSHI SHERE,GOOD CONDITION
INSP01747,2025-05-30,SCH0344,0,1,1,0,,EDHITHA SOMAN,NO REMARKS
INSP02470,2025-10-14,SCH0078,,1,0,0,1,YAUVANI MISTRY,AVERAGE
INSP02858,2025-07-10,SCH0154,1,1,1,0,1,REYANSH BHATNAGAR,NO REMARKS
INSP02358,2025-06-24,SCH0109,1,1,1,1,1,WAKEETA GABA,AVERAGE
INSP01138,2025-06-12,SCH0007,1,1,1,0,1,BRINDA NANDA,NO REMARKS
INSP02005,2025-04-08,SCH0422,1,,0,0,1,RANVEER CHADHA,TOILETS LOCKED
INSP01621,2025-01-10,SCH0482,1,0,1,1,0,DARSH NARANG,NEEDS REPAIR
INSP02979,2025-08-03,SCH0031,1,1,,0,1,SAMESH DAR,NEEDS REPAIR
INSP02963,2025-08-19,SCH0398,1,1,1,1,0,ANIKA PANDYA,TOILETS LOCKED
INSP01340,2026-03-15,SCH0223,1,1,1,0,1,LIPIKA KARA,AVERAGE
INSP02620,2026-02-09,SCH0584,1,0,1,0,1,UCCHAL KAPUR,NEEDS REPAIR
INSP00454,2025-06-22,SCH0071,0,,1,1,1,YASHVI TALWAR,TOILETS LOCKED
INSP00914,2025-12-09,SCH0323,1,1,1,1,0,ATI SURI,AVERAGE
INSP02339,2026-01-07,SCH0069,1,,1,1,1,HRITIK DUTT,NO REMARKS
INSP01200,2025-06-24,SCH0009,1,,1,1,0,JANYA MURTY,GOOD CONDITION
INSP01275,2026-03-29,SCH0562,1,1,0,0,1,EKANTA MANGAT,AVERAGE
INSP02060,2025-12-20,SCH0571,0,1,0,1,1,DEV WALIA,NO REMARKS
INSP00038,2025-08-16,SCH0496,1,1,1,0,1,DEEPA MAHAL,NEEDS REPAIR
INSP00975,2025-05-26,SCH0464,0,1,1,1,1,GAURIKA RANGANATHAN,GOOD CONDITION
INSP02912,2025-11-24,SCH0404,0,1,1,1,1,VEER NARAYANAN,NEEDS REPAIR
INSP00984,2025-10-14,SCH0114,,1,0,1,0,,NEEDS REPAIR
INSP02014,2025-04-28,SCH0409,0,1,1,1,,KIAAN VAIDYA,AVERAGE
INSP02120,2025-07-26,SCH0457,1,1,1,,0,VICTOR SUBRAMANIAM,NEEDS REPAIR
INSP01419,2026-02-17,SCH0280,0,1,1,1,0,JOSHUA KORPAL,NEEDS REPAIR
INSP01285,2026-03-30,SCH0291,1,0,1,1,0,YUTIKA BEHL,AVERAGE
INSP02162,2025-07-10,SCH0001,1,1,1,0,0,IMARAN IYENGAR,NO REMARKS
INSP00040,2025-04-18,SCH0180,1,1,1,,1,XAVIER MANDA,NEEDS REPAIR
INSP01487,2025-05-18,SCH0280,1,1,1,1,1,,NO REMARKS
INSP01992,2025-09-06,SCH0382,1,1,1,1,0,INDALI GANDHI,NO REMARKS
INSP00170,2025-07-04,SCH0102,1,1,1,1,1,EKANI KAUL,GOOD CONDITION
INSP01356,2025-05-18,SCH0017,1,1,0,0,,DIPTA KAPOOR,NO REMARKS
INSP00738,2025-08-28,SCH0497,0,1,1,1,0,,GOOD CONDITION
INSP01737,2025-05-10,SCH0181,1,1,1,1,0,,NO REMARKS
INSP02839,2026-11-02,SCH0511,1,1,1,1,1,RUDRA MEMON,NO REMARKS
INSP01565,2025-05-26,SCH0533,1,0,1,,1,,AVERAGE
INSP02088,2026-05-03,SCH0087,1,1,1,1,1,RACHANA WALI,TOILETS LOCKED
INSP00635,2025-10-30,SCH0523,1,1,0,1,0,,NO REMARKS
INSP02785,2025-07-04,SCH0067,1,0,1,1,0,YATIN DARA,AVERAGE
INSP02090,2025-07-24,SCH0491,,1,1,,0,JONATHAN IYER,TOILETS LOCKED
INSP01641,2026-01-26,SCH0430,1,1,0,0,1,DARPAN GANESH,GOOD CONDITION
INSP01291,2026-03-29,SCH0163,,1,0,1,1,SACHI MAHAL,NO REMARKS
INSP02461,2026-04-03,SCH0435,1,1,0,0,,ADYA DATE,NO REMARKS
INSP01381,2026-02-13,SCH0460,1,1,0,0,0,ISHAAN SHARAF,GOOD CONDITION
INSP00580,2025-04-15,SCH0164,0,1,0,0,0,NATHAN DHAR,GOOD CONDITION
INSP00329,2025-12-23,SCH0294,1,1,1,1,0,SIMON KOSHY,NO REMARKS
INSP01833,2025-05-17,SCH0252,1,1,1,0,1,NIRJA BHARDWAJ,TOILETS LOCKED
INSP00893,2025-02-09,SCH0062,0,0,1,1,1,VAISHNAVI SETTY,TOILETS LOCKED
INSP01144,2025-11-07,SCH0112,0,1,0,1,0,UTKARSH MALLICK,TOILETS LOCKED
INSP00781,2025-05-09,SCH0441,0,0,1,1,1,SAMAKSH SHUKLA,NO REMARKS
INSP00160,2026-01-01,SCH0200,0,0,1,1,0,NIDRA HAYER,NO REMARKS
INSP01731,2025-06-22,SCH0149,1,1,1,0,1,ISHANI GOEL,TOILETS LOCKED
INSP01930,2025-12-30,SCH0396,1,0,1,0,,MADHAVI BASSI,GOOD CONDITION
INSP02448,2025-07-28,SCH0445,1,1,1,0,0,,NO REMARKS
INSP00062,2026-02-04,SCH0502,1,1,0,0,0,ABHIRAM GANDHI,NO REMARKS
INSP00850,2025-03-07,SCH0055,1,0,1,1,0,NIHARIKA KANNAN,TOILETS LOCKED
INSP02246,2025-06-21,SCH0081,1,1,1,1,0,UPADHRITI CHADA,TOILETS LOCKED
INSP02145,2025-07-12,SCH0522,1,,0,1,1,HEMAL CONTRACTOR,GOOD CONDITION
INSP02852,2026-01-11,SCH0050,1,1,1,,0,HARDIK VENKATESH,NO REMARKS
INSP01597,2026-10-01,SCH0326,1,,0,1,0,AASHI BASSI,TOILETS LOCKED
INSP01044,2026-03-16,SCH0066,1,1,1,1,1,CHANDRESH VARGHESE,TOILETS LOCKED
INSP02984,2025-05-15,SCH0311,1,1,1,1,1,BISHAKHA SOOD,NO REMARKS
INSP01545,2025-10-24,SCH0116,0,1,1,0,0,RAYAAN CHAUHAN,AVERAGE
INSP02100,2025-08-05,SCH0194,1,1,1,0,0,PRIYA TANK,NEEDS REPAIR
INSP00496,2026-01-23,SCH0380,1,1,0,0,1,SANYA BAVA,TOILETS LOCKED
INSP01071,2025-05-25,SCH0456,1,1,0,1,1,DANIEL OAK,NO REMARKS
INSP00054,2025-12-04,SCH0271,1,1,1,1,0,,TOILETS LOCKED
INSP02672,2025-10-29,SCH0229,,1,1,1,1,EKANI DEVI,NEEDS REPAIR
INSP00259,2025-10-28,SCH0392,1,1,1,0,0,BAGHYAWATI MANI,TOILETS LOCKED
INSP00506,2026-01-21,SCH0207,1,1,1,,,VANSHA CHAUDHARY,TOILETS LOCKED
INSP00753,2025-09-19,SCH0109,1,1,1,0,1,MAHIKA SABHARWAL,NEEDS REPAIR
INSP02402,2026-03-30,SCH0033,1,1,1,,0,INDRAJIT SARMA,NEEDS REPAIR
INSP00218,2025-04-19,SCH0457,1,1,1,1,1,TANVI RAMAKRISHNAN,GOOD CONDITION
INSP00825,2025-10-19,SCH0152,1,1,0,1,0,QABIL KHANNA,AVERAGE
INSP01962,2026-02-01,SCH0172,1,1,,0,0,CHATURA BASSI,TOILETS LOCKED
INSP02373,2026-02-22,SCH0532,0,1,1,0,1,,TOILETS LOCKED
INSP02397,2025-05-15,SCH0095,1,1,1,,0,KAMYA VIRK,AVERAGE
INSP01390,2025-06-20,SCH0390,1,1,0,1,0,INAYA GREWAL,GOOD CONDITION
INSP02633,2025-05-08,SCH0174,,1,1,0,1,CHAMPAK CHANDER,AVERAGE
INSP01267,2025-09-10,SCH0343,1,1,1,1,1,AMRITA BUCH,TOILETS LOCKED
INSP02594,2025-06-24,SCH0107,1,1,1,1,0,DAKSH OZA,NO REMARKS
INSP01910,2025-05-04,SCH0439,1,0,1,0,0,BALJIWAN KUNDA,GOOD CONDITION
INSP01599,2026-02-18,SCH0303,1,1,1,0,1,BALVAN NAIK,NEEDS REPAIR
INSP02160,2025-05-07,SCH0594,1,1,1,0,0,VRISHTI DHALIWAL,TOILETS LOCKED
INSP01608,2025-05-09,SCH0367,1,0,1,1,,BAKHSHI SANI,NO REMARKS
INSP01830,2025-09-11,SCH0390,,1,1,,1,YAUVANI MANI,AVERAGE
INSP00772,2025-12-12,SCH0104,1,1,1,,1,FINN BATH,GOOD CONDITION
INSP02945,2025-11-11,SCH0551,0,,1,0,0,AAYUSH VORA,TOILETS LOCKED
INSP01961,2025-08-01,SCH0007,1,1,1,1,0,,NO REMARKS
INSP02823,2025-07-29,SCH0587,1,1,0,1,0,KASHVI SARIN,TOILETS LOCKED
INSP01086,2025-11-19,SCH0383,1,1,1,,0,MEERA NARAIN,NO REMARKS
INSP02250,2025-08-27,SCH0023,1,,1,1,0,JAGVI BHARDWAJ,NO REMARKS
INSP02347,2026-02-14,SCH0556,1,1,1,1,1,AADHYA RAMANATHAN,GOOD CONDITION
INSP01326,2025-05-19,SCH0360,,1,1,0,0,VIHAAN SOMAN,NEEDS REPAIR
INSP02235,2026-01-18,SCH0014,1,,1,0,0,,NO REMARKS
INSP01742,2026-03-09,SCH0501,1,1,1,,1,OJASVI NIGAM,AVERAGE
INSP01913,2025-08-09,SCH0553,1,1,1,1,0,,NO REMARKS
INSP02363,2026-03-26,SCH0076,1,1,1,0,1,AZAAN RASTOGI,NEEDS REPAIR
INSP01404,2025-09-23,SCH0083,1,1,,1,1,WARINDER KARI,GOOD CONDITION
INSP02994,2025-12-18,SCH0150,1,1,0,0,1,RACHANA SETH,NEEDS REPAIR
INSP02366,2025-05-09,SCH0436,0,1,1,0,0,XITI SANDHU,TOILETS LOCKED
INSP01914,2025-11-22,SCH0444,1,0,0,0,0,ZASHIL BORA,NO REMARKS
INSP01164,2025-05-10,SCH0456,1,1,1,0,0,FINN JHAVERI,NO REMARKS
INSP00964,2025-04-10,SCH0430,1,,1,1,0,CHAKRADEV LOKE,TOILETS LOCKED
INSP02426,2025-07-14,SCH0567,1,0,1,1,1,JACK THAKER,AVERAGE
INSP02564,2025-09-28,SCH0114,,1,1,1,0,BAHADURJIT BEN,NO REMARKS
INSP00399,2025-05-15,SCH0555,0,1,1,1,0,JONATHAN SHARMA,TOILETS LOCKED
INSP00585,2026-03-02,SCH0495,0,1,1,0,1,AGASTYA VARMA,TOILETS LOCKED
INSP00949,2025-01-11,SCH0136,1,1,1,1,1,PARTH WAGLE,GOOD CONDITION
INSP00705,2025-12-05,SCH0266,1,1,1,1,0,KIAAN DATE,NO REMARKS
INSP00432,2026-01-28,SCH0254,1,1,1,1,0,MAX BATH,GOOD CONDITION
INSP01689,2025-04-27,SCH0130,1,0,1,0,1,LIBNI AGARWAL,NO REMARKS
INSP00293,2025-08-23,SCH0064,1,1,1,1,1,WARINDER SACHAR,NEEDS REPAIR
INSP00146,2025-07-07,SCH0518,1,1,0,0,0,XITI REGE,TOILETS LOCKED
INSP00324,2026-01-22,SCH0564,1,1,0,1,0,MAX GARG,NEEDS REPAIR
INSP02723,2025-05-07,SCH0103,1,1,1,1,0,THEODORE SIDHU,NEEDS REPAIR
INSP02224,2025-11-07,SCH0536,1,1,1,1,0,AMRITA RAJU,NO REMARKS
INSP01166,2025-07-16,SCH0067,1,,1,1,1,,TOILETS LOCKED
INSP01453,2025-04-17,SCH0029,1,1,0,1,0,NATHAN SHENOY,NEEDS REPAIR
INSP00003,2025-04-06,SCH0568,,0,1,1,0,AZAD PINGLE,GOOD CONDITION
INSP01713,2025-12-11,SCH0300,1,1,1,1,1,KRITIKA WASON,TOILETS LOCKED
INSP00577,2026-02-25,SCH0536,0,1,1,1,,KRISH MANDA,NO REMARKS
INSP02424,2025-12-10,SCH0296,0,1,0,1,0,EKAJA MADAN,NEEDS REPAIR
INSP00340,2026-01-10,SCH0300,1,0,1,1,1,NEHA DEVI,AVERAGE
INSP02903,2025-11-18,SCH0450,1,1,1,1,1,YUG NAIR,AVERAGE
INSP02479,2025-02-05,SCH0326,1,1,1,0,,UPADHRITI CHANDER,NO REMARKS
INSP00926,2025-04-16,SCH0403,1,1,1,1,1,YADAVI MADAN,NEEDS REPAIR
INSP00266,2025-04-12,SCH0237,1,1,1,0,0,MANTHAN BAL,GOOD CONDITION
INSP00377,2025-10-29,SCH0050,1,0,0,0,0,,NO REMARKS
INSP02469,2025-09-25,SCH0037,,1,0,1,0,ANAMIKA KUNDA,AVERAGE
INSP01464,2025-11-11,SCH0070,1,1,1,1,1,DAKSHESH MEMON,GOOD CONDITION
INSP00272,2025-10-25,SCH0239,1,1,1,0,1,JASMIT SAMPATH,NO REMARKS
INSP00697,2026-01-21,SCH0010,1,1,0,1,0,PARTH NATT,NO REMARKS
INSP00756,2025-10-24,SCH0489,,1,1,0,0,SUHANI BARAL,TOILETS LOCKED
INSP00245,2026-02-22,SCH0474,1,1,0,0,0,RUDRA JHA,GOOD CONDITION
INSP02956,2025-10-15,SCH0368,1,1,0,1,0,QUINCY BATH,NO REMARKS
INSP00477,2025-05-26,SCH0505,0,1,1,1,,MANYA MANI,TOILETS LOCKED
INSP02011,2025-07-05,SCH0120,1,1,1,1,1,VARSHA GUPTA,AVERAGE
INSP01922,2025-06-02,SCH0228,1,1,1,1,1,,NEEDS REPAIR
INSP00814,2026-06-03,SCH0221,1,,1,1,1,AYUSHMAN PARMAR,GOOD CONDITION
INSP01872,2025-10-06,SCH0184,1,1,1,0,1,EKANTA BOSE,NEEDS REPAIR
INSP02669,2026-01-11,SCH0505,0,0,1,1,0,HARINAKSHI CONTRACTOR,GOOD CONDITION
INSP02926,2025-09-25,SCH0064,0,1,1,1,1,,NEEDS REPAIR
INSP02176,2026-02-22,SCH0155,1,1,1,1,0,NETRA SULE,NO REMARKS
INSP01165,2025-08-21,SCH0463,0,1,1,0,1,,TOILETS LOCKED
INSP02289,2026-03-25,SCH0210,1,1,1,1,1,CHANDRESH MAHAL,NEEDS REPAIR
INSP00251,2025-09-04,SCH0554,1,1,0,1,1,LABAN SAINI,TOILETS LOCKED
INSP00414,2026-03-17,SCH0401,1,1,1,0,0,EKAPAD SIBAL,TOILETS LOCKED
INSP00546,2025-06-09,SCH0219,1,1,1,,0,,GOOD CONDITION
INSP01194,2025-07-21,SCH0231,1,1,0,1,1,PRANAV SAGAR,AVERAGE
INSP00739,2025-04-12,SCH0583,0,1,1,1,1,SAI ISSAC,GOOD CONDITION
INSP00311,2025-11-22,SCH0143,0,1,1,1,1,DIVYA SANKARAN,NO REMARKS
INSP01375,2025-09-29,SCH0310,1,1,,1,1,OJAS MOHANTY,NO REMARKS
INSP00894,2025-10-14,SCH0347,1,1,1,0,1,SARTHAK DEY,GOOD CONDITION
INSP01132,2025-10-22,SCH0317,1,1,1,1,0,AKSHAY MAGAR,AVERAGE
INSP01450,2025-12-07,SCH0147,1,1,0,0,0,LAKSHMI MANDAL,NEEDS REPAIR
INSP02112,2025-09-28,SCH0265,0,1,1,1,1,JHALAK VIG,TOILETS LOCKED
INSP00016,2025-05-16,SCH0028,1,1,1,1,1,NIDHI KADAKIA,GOOD CONDITION
INSP02109,2025-07-21,SCH0122,1,,1,0,1,NIRJA BASSI,TOILETS LOCKED
INSP00722,2025-09-06,SCH0212,1,1,1,1,1,,NEEDS REPAIR
INSP01421,2025-04-08,SCH0352,1,0,1,0,0,DIYA GUHA,AVERAGE
INSP02770,2026-01-14,SCH0119,1,1,1,0,0,YAMINI AGATE,TOILETS LOCKED
INSP00982,2025-07-31,SCH0128,0,,1,0,0,AARINI ATWAL,NO REMARKS
INSP02219,2025-05-23,SCH0159,1,1,1,0,1,EKBAL BAKSHI,AVERAGE
INSP01540,2025-07-21,SCH0559,,1,0,1,1,FAQID KAPUR,NEEDS REPAIR
INSP02662,2026-03-02,SCH0122,1,1,1,0,0,JANYA JOSHI,NEEDS REPAIR
INSP01551,2025-06-20,SCH0096,0,1,1,0,1,EKAVIR MALLICK,NEEDS REPAIR
INSP02548,2025-05-31,SCH0033,0,1,0,1,1,ODIKA NORI,NO REMARKS
INSP00364,2025-10-22,SCH0100,1,1,1,1,1,AACHAL TOOR,NO REMARKS
INSP00983,2026-01-26,SCH0584,1,1,1,1,0,RIDHI PATHAK,TOILETS LOCKED
INSP00183,2025-04-01,SCH0257,1,1,1,0,1,MEGHANA CHOWDHURY,NO REMARKS
INSP00986,2025-10-28,SCH0122,,,1,0,,YATAN PRABHU,NEEDS REPAIR
INSP01271,2025-12-29,SCH0557,1,1,0,1,0,ONKAR BEHL,TOILETS LOCKED
INSP01195,2026-03-26,SCH0070,1,1,1,1,0,YASHASVI AHLUWALIA,GOOD CONDITION
INSP01974,2025-10-14,SCH0275,1,1,,0,1,BAHADURJIT MALLICK,AVERAGE
INSP01870,2025-07-23,SCH0173,1,1,1,0,0,,NO REMARKS
INSP01122,2025-05-12,SCH0157,1,1,0,0,0,,GOOD CONDITION
INSP00188,2025-04-18,SCH0509,1,1,1,0,0,EKANSH DAYAL,NO REMARKS
INSP00620,2025-06-18,SCH0368,1,1,1,0,0,TIMOTHY BALASUBRAMANIAN,TOILETS LOCKED
INSP02899,2025-02-05,SCH0154,0,1,1,1,0,URVASHI BARAD,NO REMARKS
INSP01176,2025-06-13,SCH0345,0,1,1,1,1,YUG PARSA,NO REMARKS
INSP01183,2025-09-03,SCH0133,1,1,1,1,1,ZILMIL DOSHI,AVERAGE
INSP02508,2025-04-19,SCH0566,1,1,1,,0,TANAY SAHOTA,NO REMARKS
INSP02320,2025-10-11,SCH0277,0,1,1,1,1,ATI SAMA,GOOD CONDITION
INSP00615,2025-07-20,SCH0372,1,1,1,,1,NANDINI GOLLA,GOOD CONDITION
INSP01514,2025-10-09,SCH0402,0,1,1,0,1,VIVAAN BHATTACHARYYA,AVERAGE
INSP01467,2025-12-28,SCH0368,1,,1,1,0,,AVERAGE
INSP00402,2025-08-31,SCH0357,1,1,1,1,0,SIDDHARTH SETHI,AVERAGE
INSP00995,2026-01-14,SCH0031,1,0,1,,0,RAJATA DHALIWAL,TOILETS LOCKED
INSP00935,2026-02-22,SCH0364,0,0,1,1,1,RONITH GOLE,AVERAGE
INSP00372,2025-05-24,SCH0315,1,1,1,1,0,,NEEDS REPAIR
INSP02091,2025-06-13,SCH0199,1,1,1,0,0,,NO REMARKS
INSP02284,2025-08-04,SCH0556,1,1,1,0,1,SAMESH GULATI,GOOD CONDITION
INSP00594,2026-03-20,SCH0203,1,1,1,1,1,RAGHAV CHAUDHURI,TOILETS LOCKED
INSP02829,2025-07-12,SCH0491,1,0,1,1,0,JANUJA PAL,NO REMARKS
INSP00727,2025-11-09,SCH0022,1,1,1,1,1,UNNI SAMA,NO REMARKS
INSP00827,2025-06-29,SCH0080,,1,1,0,1,ADITYA VYAS,NO REMARKS
INSP01869,2025-09-01,SCH0394,1,1,,,1,YASH NADIG,NEEDS REPAIR
INSP00688,2025-12-19,SCH0141,1,1,1,0,0,RAYAAN SUNDARAM,NO REMARKS
INSP02335,2025-10-26,SCH0107,1,1,1,1,0,FAQID AMBLE,AVERAGE
INSP00137,2025-04-17,SCH0237,1,1,0,1,0,LEELA MANGAL,TOILETS LOCKED
INSP02577,2026-01-03,SCH0184,1,1,1,0,1,,AVERAGE
INSP00629,2026-02-26,SCH0035,1,1,1,1,0,,GOOD CONDITION
INSP00335,2026-03-29,SCH0248,0,1,0,1,0,CHRISTOPHER YADAV,GOOD CONDITION
INSP01806,2025-11-24,SCH0102,1,0,1,1,1,AADHYA LAD,TOILETS LOCKED
INSP00391,2025-08-16,SCH0600,0,1,1,1,0,FORUM SHETTY,NO REMARKS
INSP02934,2026-03-14,SCH0535,1,1,0,0,0,,AVERAGE
INSP01110,2025-07-20,SCH0391,1,1,1,0,0,ADYA GARA,GOOD CONDITION
INSP01938,2025-12-20,SCH0150,1,1,1,0,0,ARIN NAGI,NO REMARKS
INSP01818,2025-06-26,SCH0211,1,1,1,1,0,KRISHA SABHARWAL,AVERAGE
INSP02838,2025-12-07,SCH0170,0,1,,0,0,DIVYA BHALLA,NEEDS REPAIR
INSP00711,2025-12-26,SCH0513,1,0,1,1,0,,AVERAGE
INSP01040,2025-08-27,SCH0348,1,1,1,1,1,,TOILETS LOCKED
INSP02072,2025-06-26,SCH0032,1,1,1,0,1,WARJAS DOSHI,GOOD CONDITION
INSP02874,2025-07-24,SCH0443,1,1,1,,0,BHAVIKA OM,TOILETS LOCKED
INSP02729,2025-09-25,SCH0355,1,1,1,,0,GANGA SHERE,TOILETS LOCKED
INSP01562,2025-04-08,SCH0372,1,1,0,0,,POOJA GILL,TOILETS LOCKED
INSP02898,2025-11-25,SCH0095,1,0,1,0,0,MAX DEWAN,GOOD CONDITION
INSP01595,2025-07-26,SCH0538,,1,1,1,,IRA BALA,GOOD CONDITION
INSP02991,2025-11-23,SCH0205,1,,0,0,1,AVI VIG,NO REMARKS
INSP02652,2025-04-22,SCH0019,1,0,1,1,1,AYUSH MANGAT,NO REMARKS
INSP01113,2025-07-17,SCH0319,1,1,1,1,,,TOILETS LOCKED
INSP00466,2026-01-16,SCH0397,1,1,,1,1,OJAS BEHL,NO REMARKS
INSP01561,2025-05-01,SCH0306,0,1,1,0,0,GAUTAM SAHOTA,NEEDS REPAIR
INSP01224,2026-02-18,SCH0144,1,1,0,1,0,FORUM MINHAS,NO REMARKS
INSP02111,2025-04-15,SCH0214,,1,1,1,1,RADHA PRABHU,NO REMARKS
INSP02133,2026-01-12,SCH0367,1,0,1,,0,KRISHNA VISWANATHAN,TOILETS LOCKED
INSP02472,2025-12-02,SCH0430,1,1,0,1,1,WAKEETA DEY,NO REMARKS
INSP01509,2025-10-15,SCH0292,1,0,1,0,1,,GOOD CONDITION
INSP02716,2026-01-09,SCH0120,1,1,1,0,,,NO REMARKS
INSP01105,2025-06-05,SCH0153,1,0,1,1,1,DALBIR SUR,AVERAGE
INSP00661,2025-08-28,SCH0276,1,1,1,0,1,BHAVIKA VENKATARAMAN,GOOD CONDITION
INSP01270,2025-11-11,SCH0056,1,1,1,1,1,JEEVIKA GOLA,GOOD CONDITION
INSP00339,2025-08-15,SCH0493,0,1,1,1,,MAANAV LUTHRA,NO REMARKS
INSP00216,2025-08-03,SCH0545,,0,0,1,0,MOHAMMED VARGHESE,NO REMARKS
INSP01616,2025-06-09,SCH0081,1,0,1,0,1,NISHA WASON,NO REMARKS
INSP01342,2026-03-31,SCH0330,1,1,1,1,0,JATIN DATE,NO REMARKS
INSP02646,2025-09-06,SCH0226,0,1,1,0,,CHAMAN MAHARAJ,AVERAGE
INSP02965,2025-07-21,SCH0460,1,1,1,0,0,JAGDISH BAKSHI,TOILETS LOCKED
INSP02947,2025-08-27,SCH0146,0,1,1,1,0,CHARLES BALASUBRAMANIAN,NO REMARKS
INSP01847,2025-10-07,SCH0469,1,1,1,,1,QUINCY PAU,NO REMARKS
INSP01593,2025-10-05,SCH0436,1,1,,1,0,JANAKI JHAVERI,TOILETS LOCKED
INSP02047,2025-04-19,SCH0114,1,,1,,1,ARYAN SACHDEVA,GOOD CONDITION
INSP00451,2025-07-15,SCH0490,1,1,0,0,0,QUSHI TELLA,AVERAGE
INSP02654,2025-07-04,SCH0489,1,1,1,0,1,HARDIK BHATIA,GOOD CONDITION
INSP00817,2025-06-07,SCH0301,0,1,1,1,1,AYUSHMAN VISWANATHAN,NO REMARKS
INSP01068,2025-08-13,SCH0086,1,1,1,,1,BALVEER JHAVERI,NO REMARKS
INSP02139,2026-04-03,SCH0067,1,1,,0,1,WIDISHA BADAL,GOOD CONDITION
INSP00275,2026-02-06,SCH0351,0,1,1,1,1,ADVIK BARIA,NO REMARKS
INSP02367,2025-05-23,SCH0095,1,1,0,1,1,ALKA COMAR,NEEDS REPAIR
INSP00866,2026-01-05,SCH0103,0,1,1,1,1,ZEHAAN NIGAM,NEEDS REPAIR
INSP00102,2025-12-08,SCH0332,1,1,1,1,1,JALSA KUMER,NEEDS REPAIR
INSP01502,2025-01-12,SCH0258,1,1,1,0,1,ARUNIMA RAMAKRISHNAN,GOOD CONDITION
INSP02938,2026-03-11,SCH0014,1,1,1,0,0,NIDRA BARAD,TOILETS LOCKED
INSP00172,2025-01-04,SCH0334,0,1,1,0,0,RIA PALLA,NO REMARKS
INSP00108,2025-07-07,SCH0568,1,1,,1,0,JANUJA PATLA,GOOD CONDITION
INSP02217,2025-05-01,SCH0552,1,1,1,,0,GIRIK PRASHAD,TOILETS LOCKED
INSP01522,2025-11-11,SCH0384,1,1,1,1,0,AMOL KHALSA,NO REMARKS
INSP00197,2026-01-14,SCH0416,1,0,,1,1,RAJATA SARRAF,AVERAGE
INSP01827,2025-09-08,SCH0231,0,1,1,0,1,OMAJA BHATNAGAR,AVERAGE
INSP02322,2026-03-24,SCH0304,1,1,1,0,0,NATHAN PATHAK,NEEDS REPAIR
INSP02114,2025-10-24,SCH0388,0,1,1,0,0,,NO REMARKS
INSP01968,2025-05-12,SCH0096,1,1,0,1,1,UPMA KULKARNI,NEEDS REPAIR
INSP02416,2025-09-03,SCH0285,1,1,0,1,0,VARSHA MANDA,TOILETS LOCKED
INSP02121,2025-07-27,SCH0414,1,0,1,1,0,AYUSH DEO,NO REMARKS
INSP02374,2025-05-17,SCH0485,0,1,0,1,1,ANIRUDH KORPAL,AVERAGE
INSP02464,2025-08-29,SCH0273,0,1,1,1,1,BAGHYAWATI SEN,NEEDS REPAIR
INSP02708,2025-05-26,SCH0014,0,1,0,0,,ISHANVI VISWANATHAN,TOILETS LOCKED
INSP01963,2026-03-20,SCH0429,1,1,0,1,0,ESHANA SINGH,NO REMARKS
INSP00296,2026-01-05,SCH0300,1,1,0,,1,JASON RANDHAWA,NO REMARKS
INSP00713,2026-04-01,SCH0059,,0,0,1,1,VIRAJ MITRA,NEEDS REPAIR
INSP00073,2025-11-06,SCH0560,0,1,1,,1,ISHANVI MANDER,AVERAGE
INSP01525,2025-05-13,SCH0353,1,0,1,0,1,TIMOTHY BORRA,AVERAGE
INSP02393,2026-02-06,SCH0328,0,1,1,0,1,ORINDER SUBRAMANIAN,TOILETS LOCKED
INSP02980,2025-12-21,SCH0481,0,0,1,1,1,PRISHA KAUR,GOOD CONDITION
INSP01242,2025-12-31,SCH0386,0,1,1,1,0,ABHA BAL,AVERAGE
INSP00482,2026-02-12,SCH0092,1,1,1,0,1,TEJAS MAHARAJ,GOOD CONDITION
INSP02338,2025-05-21,SCH0542,1,1,1,1,1,MASON BHAVSAR,NEEDS REPAIR
INSP01531,2025-04-12,SCH0509,0,1,,0,1,SAKSHAM BERA,NO REMARKS
INSP02686,2025-04-20,SCH0243,0,1,1,1,0,VEDANT SOM,NEEDS REPAIR
INSP01873,2026-08-03,SCH0165,1,1,1,1,1,,GOOD CONDITION
INSP01515,2025-11-07,SCH0029,0,1,1,0,1,OMKAAR KRISHNAN,AVERAGE
INSP00332,2025-08-20,SCH0450,1,1,1,1,1,FIYAZ CHANDA,AVERAGE
INSP01763,2025-07-02,SCH0420,1,1,0,0,1,,GOOD CONDITION
INSP01491,2025-12-11,SCH0230,,0,1,0,1,HARSH SAGAR,NO REMARKS
INSP01172,2025-11-19,SCH0151,1,1,1,0,1,SAMAKSH SIDHU,GOOD CONDITION
INSP02580,2025-07-01,SCH0546,1,,1,1,1,AYUSHMAN SAHOTA,NO REMARKS
INSP02038,2025-04-08,SCH0428,0,1,1,,0,ZAITRA REGE,NEEDS REPAIR
INSP02673,2025-06-14,SCH0214,1,1,1,0,1,LAKSH BABU,GOOD CONDITION
INSP02185,2025-05-29,SCH0186,0,0,0,,1,TIMOTHY GANGULY,NO REMARKS
INSP02336,2025-10-16,SCH0443,1,1,0,0,0,LUCKY NATT,TOILETS LOCKED
INSP02395,2025-11-13,SCH0141,1,1,1,0,0,MADHAVI BEN,NO REMARKS
INSP00406,2025-07-16,SCH0367,0,1,1,1,1,VEDIKA SODHI,AVERAGE
INSP00758,2025-12-10,SCH0034,1,1,1,,0,INAYA BARMAN,TOILETS LOCKED
INSP02115,2025-10-11,SCH0381,0,1,0,1,1,MEGHANA SAMA,AVERAGE
INSP02303,2025-09-24,SCH0334,1,1,1,1,1,VYANJANA TANDON,GOOD CONDITION
INSP01608,2025-05-09,SCH0367,1,0,1,1,,BAKHSHI SANI,NO REMARKS
INSP00098,2025-09-14,SCH0520,,0,1,1,0,MITESH MAHAJAN,NO REMARKS
INSP01334,2026-01-24,SCH0260,1,1,0,,0,AMRUTA TALWAR,NEEDS REPAIR
INSP02513,2025-05-11,SCH0468,0,1,0,1,0,,NO REMARKS
INSP00744,2025-06-28,SCH0268,0,1,1,0,0,,NEEDS REPAIR
INSP00807,2025-08-20,SCH0131,1,1,0,,0,HIRAL BHATTACHARYYA,NO REMARKS
INSP02911,2025-11-28,SCH0153,1,1,,,1,QUSHI GULATI,NEEDS REPAIR
INSP02079,2025-08-13,SCH0212,1,1,0,0,1,VASANA KAUL,NO REMARKS
INSP02630,2025-07-01,SCH0490,1,1,1,1,1,DAYITA CHOUDHRY,TOILETS LOCKED
INSP01536,2025-04-06,SCH0474,1,1,0,1,0,NANDINI PARIKH,NEEDS REPAIR
INSP02308,2026-01-09,SCH0486,0,1,,1,0,EKANSH NATARAJAN,AVERAGE
INSP02267,2025-05-15,SCH0347,1,1,1,,1,THOMAS LALA,TOILETS LOCKED
INSP02467,2026-02-13,SCH0435,1,1,1,0,1,FARIS PARMAR,NO REMARKS
INSP00149,2025-08-07,SCH0465,1,1,1,0,0,AZAAN SANI,NEEDS REPAIR
INSP01978,2025-10-26,SCH0311,0,1,0,1,1,MUGDHA BADAMI,AVERAGE
INSP02163,2025-10-10,SCH0043,1,1,1,,1,AYAAN SOLANKI,GOOD CONDITION
INSP02304,2025-08-31,SCH0539,1,1,1,1,0,SHIVANSH LOKE,TOILETS LOCKED
INSP01316,2026-03-17,SCH0293,0,1,1,1,0,RANVEER DUTT,NO REMARKS
INSP00693,2026-03-10,SCH0102,1,1,0,,0,,TOILETS LOCKED
INSP00819,2025-08-24,SCH0058,1,1,0,,1,HARRISON SHAH,GOOD CONDITION
INSP01729,2026-01-03,SCH0354,1,0,1,0,0,OJASVI VENKATARAMAN,NO REMARKS
INSP01387,2026-02-21,SCH0566,0,0,1,1,0,SAMARTH NARAIN,NO REMARKS
INSP01846,2025-07-28,SCH0163,1,0,0,1,0,UCCHAL RAMASWAMY,NO REMARKS
INSP02405,2026-01-24,SCH0559,0,1,0,1,1,HEMANGINI GARG,NO REMARKS
INSP02430,2026-03-05,SCH0298,1,1,1,0,1,LIAM PRABHAKAR,NO REMARKS
INSP01600,2025-09-12,SCH0172,0,1,0,0,1,RADHIKA OZA,TOILETS LOCKED
INSP02485,2025-05-01,SCH0334,1,1,1,1,1,EIRAVATI NAIDU,GOOD CONDITION
INSP02585,2026-02-14,SCH0555,0,1,1,1,0,BENJAMIN CHATTERJEE,NO REMARKS
INSP00702,2025-12-12,SCH0364,1,1,1,,1,ABHA AGARWAL,NO REMARKS
INSP01500,2026-03-19,SCH0094,1,1,1,0,1,DIYA PARMER,NEEDS REPAIR
INSP02794,2025-09-18,SCH0230,1,1,1,1,1,AKSHAY PINGLE,NEEDS REPAIR
INSP00922,2025-03-12,SCH0132,1,1,0,1,1,,AVERAGE
INSP01425,2025-08-21,SCH0409,1,1,,1,1,EIRAVATI MANGAL,NO REMARKS
INSP01709,2026-03-08,SCH0270,1,0,,1,1,VASATIKA SINHA,NO REMARKS
INSP00906,2025-12-27,SCH0033,,1,1,1,1,ANVI KANT,NEEDS REPAIR
INSP00455,2026-03-16,SCH0205,1,1,1,0,,EKANSH GULATI,NO REMARKS
INSP02471,2025-05-08,SCH0431,1,1,,0,1,IKSHITA SHROFF,NEEDS REPAIR
INSP02209,2025-11-13,SCH0193,0,1,1,0,,AMARA SATHE,NEEDS REPAIR
INSP02656,2025-10-16,SCH0205,0,1,1,0,0,ANDREW NIGAM,AVERAGE
INSP02299,2025-08-16,SCH0449,1,0,1,,1,ABHIMANYU OM,NEEDS REPAIR
INSP00168,2025-04-09,SCH0568,0,1,1,1,1,RANVEER MAGAR,GOOD CONDITION
INSP00731,2025-11-05,SCH0371,1,,1,0,1,WIDISHA DALAL,TOILETS LOCKED
INSP02277,2025-05-20,SCH0569,0,1,1,0,0,YATIN MAGAR,NEEDS REPAIR
INSP01311,2025-05-08,SCH0145,0,1,1,0,0,SUDIKSHA TANK,AVERAGE
INSP02422,2025-09-30,SCH0188,0,1,1,1,0,DAYAMAI LUTHRA,NO REMARKS
INSP00027,2025-08-11,SCH0023,1,1,1,0,1,,TOILETS LOCKED
INSP02098,2025-11-29,SCH0329,,1,0,0,1,,NO REMARKS
INSP01898,2025-12-23,SCH0418,1,1,1,1,0,YAHVI DIVAN,NEEDS REPAIR
INSP01653,2026-03-07,SCH0346,1,1,1,0,1,ABHA RAVAL,AVERAGE
INSP01623,2025-04-24,SCH0257,0,1,1,1,1,RACHIT RASTOGI,TOILETS LOCKED
INSP00588,2026-02-10,SCH0309,1,1,1,1,0,DAYITA MAHAL,NO REMARKS
INSP01402,2025-04-26,SCH0262,1,1,1,0,1,BHAVNA CHANDRA,NO REMARKS
INSP00998,2026-02-23,SCH0040,1,1,1,1,0,CHANAKYA KATA,GOOD CONDITION
INSP01177,2025-09-02,SCH0148,1,1,1,1,1,TRIYA SINGH,GOOD CONDITION
INSP01701,2025-12-14,SCH0256,0,1,1,0,0,VASANA WAGLE,TOILETS LOCKED
INSP01041,2026-01-17,SCH0029,1,1,1,1,1,DEVANSH CHAUDHARY,NO REMARKS
INSP00034,2025-04-13,SCH0403,1,1,1,1,0,CHANAKYA BARIA,NO REMARKS
INSP02410,2025-05-12,SCH0417,0,1,0,1,1,HARSHIL MALL,TOILETS LOCKED
INSP02739,2025-12-10,SCH0198,1,1,1,1,0,URVASHI KALA,TOILETS LOCKED
INSP01380,2026-03-03,SCH0181,1,1,0,1,1,UDANT WALI,AVERAGE
INSP00042,2026-02-23,SCH0196,1,1,1,1,0,VARENYA PARMER,TOILETS LOCKED
INSP01877,2025-10-15,SCH0265,1,1,1,0,1,RAGHAV DOSHI,NO REMARKS
INSP02952,2025-11-06,SCH0393,1,1,1,1,1,ISHITA CHOKSHI,GOOD CONDITION
INSP02309,2025-08-11,SCH0142,1,1,1,1,0,TANISH ZACHARIA,NO REMARKS
INSP02741,2025-07-24,SCH0302,1,1,1,0,0,ARYAN ROY,AVERAGE
INSP02280,2025-07-12,SCH0226,1,1,1,1,0,ANITA PARMAR,NEEDS REPAIR
INSP02019,2025-05-28,SCH0282,1,1,1,1,1,SAMARTH DESHPANDE,TOILETS LOCKED
INSP02000,2025-09-01,SCH0217,0,1,1,1,1,TRIYA DHAWAN,NO REMARKS
INSP00610,2025-08-06,SCH0062,1,1,1,0,1,NIHARIKA NORI,GOOD CONDITION
INSP01133,2025-05-13,SCH0489,1,0,1,1,0,YUG HALDER,NO REMARKS
INSP00029,2025-06-03,SCH0132,1,1,,1,1,ARIN LALL,TOILETS LOCKED
INSP00442,2025-09-01,SCH0564,1,1,1,0,1,YAMINI SRIDHAR,NEEDS REPAIR
INSP00666,2025-05-27,SCH0431,,1,0,1,,NIDRA KASHYAP,NO REMARKS
INSP02993,2026-02-24,SCH0544,1,1,,0,1,ADVIKA SEHGAL,NO REMARKS
INSP00494,2026-01-10,SCH0537,1,0,1,,0,LUCKY CHAUHAN,AVERAGE
INSP01259,2025-05-24,SCH0338,1,1,1,1,0,DAKSHA GUPTA,NO REMARKS
INSP01302,2026-06-02,SCH0286,1,1,1,1,0,PRIYA KALA,GOOD CONDITION
INSP02671,2025-10-28,SCH0489,1,1,1,1,1,OWEN DHALIWAL,NO REMARKS
INSP02489,2025-08-24,SCH0544,1,1,1,0,1,ONI KHURANA,NEEDS REPAIR
INSP01383,2025-12-01,SCH0133,1,0,1,,,ROBERT BAHRI,NO REMARKS
INSP01305,2025-08-15,SCH0402,,1,1,,0,AZAD PRAKASH,NEEDS REPAIR
INSP00237,2025-12-17,SCH0180,,1,1,1,0,RIA BABU,TOILETS LOCKED
INSP01986,2025-12-03,SCH0115,0,1,1,1,1,CHRISTOPHER CHAKRABORTY,AVERAGE
INSP00552,2025-10-15,SCH0162,0,1,0,1,0,ADWETA GUPTA,GOOD CONDITION
INSP00521,2025-04-13,SCH0018,1,1,1,0,0,,AVERAGE
INSP00782,2026-01-10,SCH0162,1,1,1,1,1,TANVEER DYAL,TOILETS LOCKED
INSP01233,2025-07-19,SCH0395,1,1,1,1,1,CHATRESH MISRA,TOILETS LOCKED
INSP01139,2025-04-20,SCH0376,1,,1,0,0,KRISH HAYER,NEEDS REPAIR
INSP01906,2025-01-05,SCH0400,1,1,1,1,1,ETA KANDA,NEEDS REPAIR
INSP00721,2025-04-10,SCH0009,0,0,,1,0,PRISHA CHANDRAN,GOOD CONDITION
INSP00736,2025-05-23,SCH0224,1,1,1,1,,GAUTAM KANNAN,TOILETS LOCKED
INSP03000,2025-08-09,SCH0349,0,1,1,0,1,BIMALA TALWAR,NEEDS REPAIR
INSP01751,2025-11-06,SCH0234,1,1,1,1,1,JONATHAN SETTY,GOOD CONDITION
INSP00059,2026-09-03,SCH0030,,0,1,1,0,JANAKI BORA,NO REMARKS
INSP00632,2026-02-09,SCH0166,0,1,1,0,0,AASHI SRINIVASAN,NO REMARKS
INSP01182,2026-05-02,SCH0368,1,1,1,0,0,AZAD KOTA,NEEDS REPAIR
INSP02323,2025-03-04,SCH0176,1,1,1,0,0,,NO REMARKS
INSP00593,2025-05-23,SCH0155,0,1,1,1,0,VAMAKSHI DESHPANDE,NEEDS REPAIR
INSP01304,2025-07-20,SCH0176,1,1,1,1,1,OMYA SHENOY,TOILETS LOCKED
INSP01388,2025-12-19,SCH0351,1,1,1,1,0,AARAV SANDHU,NO REMARKS
INSP02751,2025-07-19,SCH0157,1,,1,1,1,,NEEDS REPAIR
INSP02767,2025-05-05,SCH0081,1,1,,1,0,FINN PRASHAD,NEEDS REPAIR
INSP02055,2025-03-06,SCH0241,1,1,1,1,0,CHAITALY SANDHU,AVERAGE
INSP02349,2025-05-17,SCH0221,1,1,1,1,0,URMI GOLE,NEEDS REPAIR
INSP00940,2025-09-28,SCH0471,,1,1,,1,UNNI BALAY,NEEDS REPAIR
INSP02931,2025-12-26,SCH0262,1,0,1,1,,CHRISTOPHER DUTT,NEEDS REPAIR
INSP01250,2025-09-23,SCH0538,1,1,0,0,1,EDHITHA KATA,NO REMARKS
INSP00905,2026-02-14,SCH0417,0,1,1,1,0,HARRISON GARG,NO REMARKS
INSP02964,2026-01-11,SCH0145,1,1,0,1,0,YAUVANI BALA,NO REMARKS
INSP01280,2025-06-03,SCH0476,0,1,1,,1,SATHVIK GADE,GOOD CONDITION
INSP02526,2025-10-28,SCH0484,0,1,0,1,0,DAYITA NAYAR,NEEDS REPAIR
INSP00913,2025-05-03,SCH0592,,1,1,1,0,AARINI KORPAL,TOILETS LOCKED
INSP02243,2025-06-08,SCH0279,1,0,1,0,1,SANYA BEN,NO REMARKS
INSP02511,2025-09-19,SCH0490,0,0,1,1,,AZAD NAGARAJAN,AVERAGE
INSP02593,2026-01-29,SCH0452,1,1,1,1,0,,NO REMARKS
INSP01143,2025-12-10,SCH0026,0,1,0,1,1,GABRIEL SANKARAN,NEEDS REPAIR
INSP02628,2026-03-11,SCH0019,0,1,0,1,0,,NO REMARKS
INSP00707,2025-05-24,SCH0558,1,1,1,1,0,DOMINIC GODA,AVERAGE
INSP02929,2025-05-09,SCH0302,1,1,1,1,,BARKHA PUROHIT,GOOD CONDITION
INSP01023,2025-07-20,SCH0246,1,1,1,1,1,BALVAN GOPAL,TOILETS LOCKED
INSP00746,2026-03-03,SCH0565,1,1,1,0,1,MAANAS RAY,NEEDS REPAIR
INSP01547,2025-05-12,SCH0095,0,,1,1,0,HARINI MOHANTY,GOOD CONDITION
INSP01940,2025-08-30,SCH0526,0,0,1,0,1,URVASHI PRABHU,NEEDS REPAIR
INSP02481,2025-09-21,SCH0466,0,1,,0,0,,AVERAGE
INSP02155,2025-11-07,SCH0231,0,1,1,,0,ABHA CHANDRAN,TOILETS LOCKED
INSP02824,2025-04-28,SCH0041,1,1,1,1,1,JONATHAN DUTT,TOILETS LOCKED
INSP00514,2025-04-07,SCH0016,1,1,1,1,1,ARUNIMA DIXIT,NO REMARKS
INSP00082,2025-09-24,SCH0579,1,0,1,0,1,,NEEDS REPAIR
INSP02799,2025-10-22,SCH0084,1,0,0,0,1,SAUMYA TATA,NO REMARKS
INSP01309,2025-09-25,SCH0584,1,1,1,0,1,HARSHIL VASA,TOILETS LOCKED
INSP02625,2026-03-08,SCH0443,1,1,1,0,1,WARINDER DIN,AVERAGE
INSP00915,2026-03-13,SCH0034,1,1,1,1,0,WAHAB SEHGAL,NEEDS REPAIR
INSP01405,2026-02-28,SCH0137,1,1,1,1,1,KALA MUKHOPADHYAY,AVERAGE
INSP01648,2025-05-07,SCH0169,1,1,1,1,0,NETRA SOMAN,AVERAGE
INSP02901,2025-04-27,SCH0192,0,1,1,1,1,THEODORE TOOR,AVERAGE
INSP01109,2025-11-26,SCH0571,1,1,1,1,1,URISHILLA CHOUDHURY,NO REMARKS
INSP00151,2025-04-06,SCH0094,1,1,1,1,0,ATHARV RADHAKRISHNAN,NO REMARKS
INSP02866,2026-01-14,SCH0384,1,1,1,0,1,,NEEDS REPAIR
INSP00775,2025-10-20,SCH0502,,1,1,1,1,GARIMA OAK,GOOD CONDITION
INSP00330,2025-10-10,SCH0376,,1,1,1,0,REVA BAHL,TOILETS LOCKED
INSP00007,2025-05-13,SCH0243,1,1,1,,0,,NEEDS REPAIR
INSP02002,2026-03-17,SCH0175,0,1,1,1,0,YUTIKA DUGAR,GOOD CONDITION
INSP00944,2025-05-15,SCH0438,1,1,1,1,1,CHAVVI MAHARAJ,NEEDS REPAIR
INSP00823,2025-09-22,SCH0031,1,0,1,1,0,MOHINI VOHRA,TOILETS LOCKED
INSP00910,2025-08-29,SCH0553,1,1,0,0,0,NITESH PRADHAN,NEEDS REPAIR
INSP00182,2025-08-30,SCH0322,0,1,0,1,1,EKAVIR GOLE,NO REMARKS
INSP00165,2025-08-07,SCH0053,1,1,1,1,1,VARSHA CHAKRABORTY,GOOD CONDITION
INSP01524,2025-04-23,SCH0225,0,1,1,1,1,EKARAJ NIGAM,NO REMARKS
INSP00452,2025-01-08,SCH0161,1,1,0,1,0,PANINI ANDRA,NO REMARKS
INSP01312,2025-11-01,SCH0276,1,1,0,0,1,MATTHEW ISSAC,NEEDS REPAIR
INSP01112,2025-12-30,SCH0213,1,1,0,0,0,BARKHA VENKATESH,NO REMARKS
INSP01288,2026-01-12,SCH0360,0,1,1,1,1,QUSHI BAINS,NO REMARKS
INSP00328,2025-11-10,SCH0567,0,1,1,0,0,BALVAN CHAKRABARTI,AVERAGE
INSP01791,2025-04-09,SCH0541,0,1,,0,0,RIYA KALA,TOILETS LOCKED
INSP02793,2026-02-06,SCH0563,1,1,1,1,1,NISHA MADAN,AVERAGE
INSP02008,2025-11-25,SCH0028,1,1,1,1,1,QADIM SABHARWAL,AVERAGE
INSP01859,2025-08-03,SCH0487,,1,1,0,1,VANSHA BHAT,NEEDS REPAIR
INSP00313,2025-08-04,SCH0396,1,1,1,0,1,DAVID MANE,NEEDS REPAIR
INSP00833,2025-12-13,SCH0326,1,1,0,1,0,SANAYA VARTY,NO REMARKS
INSP01202,2026-01-29,SCH0140,1,1,1,,1,PAHAL RATTAN,GOOD CONDITION
INSP02438,2025-04-07,SCH0237,0,1,1,1,1,PRANAV ARYA,GOOD CONDITION
INSP02074,2026-01-14,SCH0405,,1,0,1,,AARAV NAZARETH,NO REMARKS
INSP02447,2026-03-09,SCH0003,1,1,1,,1,RAGHAV PRADHAN,NEEDS REPAIR
INSP01482,2025-10-19,SCH0234,1,1,0,0,0,VANYA VALA,GOOD CONDITION
INSP00778,2025-10-28,SCH0421,0,1,1,0,1,ADVAITH RAY,TOILETS LOCKED
INSP00800,2026-02-02,SCH0534,1,1,1,0,0,MANTHAN DHAWAN,TOILETS LOCKED
INSP00055,2025-07-22,SCH0392,1,0,0,1,0,INDIRA AMBLE,GOOD CONDITION
INSP01921,2026-02-28,SCH0395,0,1,1,1,,RACHANA GANESH,NO REMARKS
INSP02719,2026-03-10,SCH0233,1,1,1,1,1,,NO REMARKS
INSP02273,2025-05-25,SCH0483,1,,1,1,0,WISHI SACHDEVA,NO REMARKS
INSP01702,2025-12-27,SCH0030,0,1,0,1,0,TANVI MITAL,NO REMARKS
INSP02949,2025-11-12,SCH0573,1,1,1,1,1,VIRAJ SULE,NEEDS REPAIR
INSP00988,2026-02-20,SCH0279,1,1,1,1,0,ZAITRA BATRA,NO REMARKS
INSP02271,2026-03-28,SCH0513,1,0,0,1,1,EKTA PILLAI,NO REMARKS
INSP01395,2025-11-04,SCH0118,1,1,1,0,0,TANAY SHENOY,AVERAGE
INSP00769,2025-07-11,SCH0569,1,1,,0,0,MAHIKA BEDI,GOOD CONDITION
INSP02790,2025-01-12,SCH0578,,1,1,1,,RADHA RATTA,NO REMARKS
INSP00286,2026-03-28,SCH0503,0,1,1,0,1,UBIKA CHANDA,NO REMARKS
INSP02775,2025-10-06,SCH0534,1,1,0,1,0,CHAITALY HALDER,AVERAGE
INSP00429,2025-11-21,SCH0064,1,0,1,1,0,ZAYYAN SURA,NO REMARKS
INSP02080,2026-03-11,SCH0401,0,0,1,1,0,ANMOL NAYAR,NO REMARKS
INSP00723,2025-05-23,SCH0551,1,1,1,0,0,,AVERAGE
INSP00952,2025-05-26,SCH0132,0,1,1,1,1,NICHOLAS KAUL,GOOD CONDITION
INSP00990,2025-06-25,SCH0386,1,1,0,0,0,AZAAN VYAS,NO REMARKS
INSP02935,2026-01-13,SCH0455,1,1,1,1,1,UPASNA SAMA,AVERAGE
INSP02882,2025-07-20,SCH0059,0,1,0,1,1,CHRISTOPHER AGARWAL,GOOD CONDITION
INSP00327,2025-12-03,SCH0270,1,1,1,1,1,NIMRAT ACHARYA,AVERAGE
INSP01384,2025-09-05,SCH0360,1,1,1,0,,,AVERAGE
INSP01725,2025-12-07,SCH0351,1,1,1,1,0,AMAIRA BUTALA,NO REMARKS
INSP01087,2025-05-30,SCH0276,1,,1,,1,GIRISH SAMPATH,NEEDS REPAIR
INSP00342,2026-01-19,SCH0490,1,1,0,1,0,RAJATA BHARDWAJ,AVERAGE
INSP00148,2025-11-10,SCH0143,1,,1,1,0,DHRITI RAY,NO REMARKS
INSP02463,2025-04-20,SCH0258,0,,1,,0,MANBIR VARGHESE,AVERAGE
INSP01108,2025-11-25,SCH0164,1,1,0,1,0,IMARAN GARA,NEEDS REPAIR
INSP00849,2025-05-26,SCH0151,1,1,1,0,1,AYUSHMAN RAMACHANDRAN,NO REMARKS
INSP00967,2026-01-17,SCH0117,1,1,0,1,0,,NO REMARKS
INSP02592,2026-01-01,SCH0450,1,0,1,0,1,SARA PANDYA,GOOD CONDITION
INSP00662,2026-03-16,SCH0271,1,1,,,0,CHAMELI BALI,NO REMARKS
INSP01003,2025-12-15,SCH0260,1,1,1,1,1,SAUMYA TOOR,NO REMARKS
INSP02465,2026-01-17,SCH0321,1,1,1,1,1,FARAJ NAZARETH,AVERAGE
INSP02648,2025-05-14,SCH0023,1,1,1,,1,FALGUNI BARAD,NEEDS REPAIR
INSP02792,2025-06-05,SCH0235,1,1,0,1,1,VANSHA CHOKSHI,TOILETS LOCKED
INSP01880,2026-01-18,SCH0509,1,1,1,0,,ABHIRAM PALL,AVERAGE
INSP02960,2025-06-19,SCH0423,1,1,1,1,1,NIRJA SANKARAN,NEEDS REPAIR
INSP01204,2025-06-08,SCH0543,1,,0,1,0,JAGAT SANDAL,AVERAGE
INSP01991,2025-07-27,SCH0107,1,1,,1,1,,GOOD CONDITION
INSP00025,2025-12-01,SCH0038,1,1,1,0,0,SAKSHAM GANESAN,NEEDS REPAIR
INSP02953,2026-03-04,SCH0097,1,1,1,0,0,DARPAN NATT,GOOD CONDITION
INSP02207,2026-01-24,SCH0226,1,0,1,0,1,RAYAAN PARSA,TOILETS LOCKED
INSP02189,2025-09-26,SCH0370,1,0,0,1,0,JEEVIKA KRISHNAN,NO REMARKS
INSP02423,2026-01-16,SCH0394,1,1,1,1,1,UTKARSH BEHL,GOOD CONDITION
INSP00876,2026-01-13,SCH0218,1,1,1,1,1,VASANA DYAL,AVERAGE
INSP02834,2025-05-19,SCH0118,1,0,1,,1,MOHAMMED RAMESH,AVERAGE
INSP00939,2025-10-16,SCH0251,1,1,1,1,,AADI MISRA,NEEDS REPAIR
INSP02638,2025-06-15,SCH0174,1,0,1,0,0,LEELA NATH,TOILETS LOCKED
INSP02968,2025-10-04,SCH0074,1,0,0,0,1,KAVYA SHAN,NO REMARKS
INSP00386,2025-04-16,SCH0114,1,1,0,0,1,ANTHONY KAMDAR,NEEDS REPAIR
INSP02418,2026-03-10,SCH0024,1,1,1,0,0,ROHAN RATTA,GOOD CONDITION
INSP02639,2026-03-26,SCH0071,1,1,1,1,0,RISHI MITTER,TOILETS LOCKED
INSP02316,2025-07-12,SCH0301,1,1,1,0,1,JAGAT BASSI,NO REMARKS
INSP02855,2025-11-16,SCH0108,,1,1,0,1,ZARNA KADE,NEEDS REPAIR
INSP00937,2025-06-27,SCH0395,1,1,1,0,1,HARINI KALE,TOILETS LOCKED
INSP02713,2025-10-14,SCH0427,1,1,1,,0,UPADHRITI MALL,NO REMARKS
INSP00522,2025-12-24,SCH0509,1,1,1,0,1,JASON SWAMY,NEEDS REPAIR
INSP01333,2025-06-28,SCH0210,0,1,1,1,0,AARINI RANDHAWA,GOOD CONDITION
INSP01935,2025-10-10,SCH0545,1,1,1,0,1,VYANJANA DE,GOOD CONDITION
INSP00936,2026-02-20,SCH0215,1,1,1,1,0,ETHAN RAVAL,NO REMARKS
INSP00567,2025-02-04,SCH0526,1,1,1,0,1,NILIMA JHA,NEEDS REPAIR
INSP01855,2026-04-01,SCH0588,0,1,1,,0,CHAKRADEV KALITA,NEEDS REPAIR
INSP02553,2026-02-25,SCH0402,1,1,1,0,0,ABHIRAM GANESAN,NO REMARKS
INSP01646,2025-09-07,SCH0206,0,,1,0,0,GOPAL BASU,NO REMARKS
INSP02234,2026-03-24,SCH0517,1,1,1,0,0,SAMUEL DHAWAN,NEEDS REPAIR
INSP01793,2025-04-13,SCH0050,1,1,,1,0,EESHA SHA,NEEDS REPAIR
INSP01431,2025-06-13,SCH0334,1,1,1,1,1,,NO REMARKS
INSP02647,2025-10-18,SCH0563,1,0,0,1,1,VEDA KHURANA,TOILETS LOCKED
INSP01014,2025-11-28,SCH0497,0,1,1,1,,FAQID MISHRA,NO REMARKS
INSP01929,2025-09-10,SCH0502,1,1,0,1,1,MEGHANA BARAD,NEEDS REPAIR
INSP02371,2025-12-02,SCH0586,1,1,0,1,0,NEEL SACHDEV,NO REMARKS
INSP00127,2026-01-09,SCH0495,1,0,1,1,1,TRIVENI TRIPATHI,TOILETS LOCKED
INSP02811,2026-02-12,SCH0197,1,1,1,1,1,NIMRAT GUPTA,AVERAGE
INSP01348,2025-04-13,SCH0037,1,1,1,1,0,BHAVIKA PRAKASH,NO REMARKS
INSP00356,2026-01-14,SCH0053,1,1,1,,0,,TOILETS LOCKED
INSP00828,2025-07-04,SCH0493,1,1,1,0,1,ISHAAN PARIKH,GOOD CONDITION
INSP01640,2026-03-24,SCH0033,1,1,1,1,1,,TOILETS LOCKED
INSP00985,2025-04-05,SCH0481,1,1,1,1,1,BALJIWAN BALAKRISHNAN,NO REMARKS
INSP00363,2025-09-20,SCH0521,1,0,1,1,0,RAAGINI WASON,NO REMARKS
INSP00346,2025-08-28,SCH0307,1,1,1,0,0,CHAMELI GULATI,GOOD CONDITION
INSP02780,2025-12-12,SCH0072,1,1,,0,0,CHARITA MANGAT,NO REMARKS
INSP02674,2025-07-03,SCH0539,1,1,1,1,,INAYA SALVI,GOOD CONDITION
INSP00712,2025-04-10,SCH0318,0,1,1,1,0,DEEPA RAI,AVERAGE
INSP02173,2025-09-23,SCH0050,1,1,1,0,0,KASHISH D’ALIA,TOILETS LOCKED
INSP00011,2025-04-04,SCH0336,1,1,1,1,1,SUDIKSHA JOHAL,NO REMARKS
INSP02542,2025-12-08,SCH0534,1,0,1,1,0,,GOOD CONDITION
INSP02117,2026-02-01,SCH0097,1,1,1,1,0,ANMOL BHAKTA,TOILETS LOCKED
INSP01835,2025-05-12,SCH0081,1,1,1,1,0,GARIMA RANA,TOILETS LOCKED
INSP00794,2025-08-17,SCH0278,1,1,0,0,0,BENJAMIN PAI,AVERAGE
INSP02906,2025-07-05,SCH0385,0,1,1,0,0,SIYA DEWAN,NEEDS REPAIR
INSP00095,2026-07-01,SCH0222,1,1,1,1,0,CHANAKYA SODHI,NO REMARKS
INSP00130,2025-04-28,SCH0329,1,1,1,1,0,WISHI VASA,NO REMARKS
INSP02361,2025-04-22,SCH0489,1,1,1,1,0,XALAK HANS,AVERAGE
INSP01601,2025-07-21,SCH0468,0,0,1,1,0,HARINAKSHI SURI,NO REMARKS
INSP01901,2025-08-06,SCH0439,1,1,1,,1,KALA NADIG,NEEDS REPAIR
INSP02757,2025-11-29,SCH0372,1,1,1,1,1,WAKEETA BAWA,NO REMARKS
INSP01933,2025-06-10,SCH0347,1,1,1,1,1,NIHAL SALVI,NEEDS REPAIR
INSP02264,2025-05-10,SCH0370,1,1,0,1,1,MANTHAN PANDEY,NEEDS REPAIR
INSP01866,2025-09-10,SCH0500,1,1,1,1,1,,TOILETS LOCKED
INSP01659,2025-11-27,SCH0107,,1,0,,0,,NO REMARKS
INSP00517,2025-06-10,SCH0051,1,1,1,1,0,ZAYYAN LOYAL,AVERAGE
INSP01858,2026-02-18,SCH0395,1,1,1,0,0,ESHANA MANDA,AVERAGE
INSP01278,2026-01-07,SCH0561,0,1,0,1,0,WAIDA SHANKAR,NEEDS REPAIR
INSP00951,2025-07-09,SCH0323,0,1,1,1,0,BINA SHANKAR,GOOD CONDITION
INSP01121,2025-01-11,SCH0225,1,1,1,0,1,,TOILETS LOCKED
INSP00420,2025-10-15,SCH0148,1,1,1,1,1,JANUJA MAGAR,NEEDS REPAIR
INSP00923,2025-12-03,SCH0242,,1,1,1,1,OMKAAR DAS,GOOD CONDITION
INSP02319,2025-04-19,SCH0024,1,1,1,1,1,AZAD CHOKSHI,TOILETS LOCKED
INSP00478,2025-08-08,SCH0410,1,1,1,0,0,,NO REMARKS
INSP02036,2025-12-06,SCH0171,1,0,1,0,0,MANAN MOHAN,NO REMARKS
INSP02296,2025-10-18,SCH0564,1,1,1,0,,GARIMA GERA,GOOD CONDITION
INSP01693,2025-09-20,SCH0243,1,1,1,0,,ANJALI SANDHU,NEEDS REPAIR
INSP02821,2025-11-22,SCH0080,1,1,1,1,0,VAMAKSHI GUHA,NO REMARKS
INSP01472,2026-03-03,SCH0257,1,1,1,1,0,TANVI KALA,AVERAGE
INSP01203,2025-09-17,SCH0208,1,1,1,0,1,KRISH AGARWAL,NO REMARKS
INSP01670,2025-01-09,SCH0573,1,1,1,1,1,EESHA MORE,NO REMARKS
INSP02917,2026-01-24,SCH0282,1,1,1,,1,KASHVI MAHAJAN,TOILETS LOCKED
INSP01971,2025-05-07,SCH0008,1,1,1,0,0,,TOILETS LOCKED
INSP02152,2025-12-16,SCH0226,1,0,1,1,1,SAMARTH SUBRAMANIAM,AVERAGE
INSP00821,2025-06-20,SCH0303,,1,1,0,0,DAYAMAI KASHYAP,NO REMARKS
INSP01998,2025-05-23,SCH0187,1,1,1,1,0,IMARAN SAWHNEY,AVERAGE
INSP00053,2025-04-05,SCH0112,1,1,1,1,0,LIPIKA AGARWAL,NEEDS REPAIR
INSP01249,2025-08-25,SCH0201,1,1,1,,1,,GOOD CONDITION
INSP02315,2026-01-13,SCH0303,1,1,0,0,0,GAGAN KARAN,TOILETS LOCKED
INSP02831,2025-05-19,SCH0183,,,1,1,0,SAMAR SANE,NEEDS REPAIR
INSP02191,2026-01-02,SCH0514,1,1,1,1,0,OLIVER BALAY,NO REMARKS
INSP02749,2025-10-18,SCH0209,1,,1,1,1,DEVANSH OAK,TOILETS LOCKED
INSP01047,2025-09-30,SCH0226,1,1,1,1,,CHANDRAN RAMANATHAN,NO REMARKS
INSP01889,2025-06-24,SCH0071,1,1,0,,0,HARRISON DARA,AVERAGE
INSP00616,2025-11-09,SCH0103,1,1,1,1,1,CHANAKYA AGATE,GOOD CONDITION
INSP01319,2025-05-15,SCH0281,1,1,,,1,KALA KUMER,NO REMARKS
INSP00297,2026-01-26,SCH0018,1,1,1,0,1,AYUSH ANNE,NO REMARKS
INSP02137,2026-03-16,SCH0123,1,1,1,,1,FARIS BARMAN,NEEDS REPAIR
INSP02588,2026-03-06,SCH0215,1,1,1,0,0,,AVERAGE
INSP01773,2025-08-04,SCH0101,1,1,1,,1,RACHIT VIRK,NO REMARKS
INSP00175,2025-04-18,SCH0427,1,1,1,0,,ABDUL RATTI,AVERAGE
INSP00132,2026-02-15,SCH0114,1,1,1,1,1,BENJAMIN KARI,GOOD CONDITION
INSP00078,2025-04-26,SCH0434,1,1,1,1,0,TARAK CHOKSHI,NO REMARKS
INSP02053,2026-01-10,SCH0449,1,1,1,1,0,EKBAL KALITA,NO REMARKS
INSP00725,2025-05-01,SCH0209,0,1,1,0,1,TANAY KUMER,AVERAGE
INSP01315,2025-10-07,SCH0375,,1,1,1,0,JAGAT THAKER,NO REMARKS
INSP01852,2025-05-30,SCH0465,1,1,1,1,0,FALAK GADE,AVERAGE
INSP02420,2026-01-27,SCH0229,1,1,0,1,1,SAMARTH CHANDRAN,NO REMARKS
INSP02616,2026-01-16,SCH0470,1,1,0,0,1,AYAAN BORA,GOOD CONDITION
INSP01373,2025-05-12,SCH0239,1,1,1,1,0,UPKAAR MORAR,AVERAGE
INSP01856,2025-08-25,SCH0473,1,,1,1,0,JANAKI OZA,NEEDS REPAIR
INSP01320,2025-04-20,SCH0125,0,0,0,1,0,ISAAC YOGI,NO REMARKS
INSP00473,2025-08-14,SCH0183,1,1,1,0,0,HENRY HAYRE,NEEDS REPAIR
INSP02290,2025-10-04,SCH0521,1,1,1,1,1,MATTHEW BATTA,GOOD CONDITION
INSP00376,2025-08-05,SCH0132,1,,1,,1,HARISH KHOSLA,GOOD CONDITION
INSP01909,2025-09-29,SCH0093,0,0,0,1,1,UDARSH SHERE,NO REMARKS
INSP00334,2025-12-09,SCH0456,1,0,0,1,0,AACHAL BARAD,GOOD CONDITION
INSP02375,2026-12-03,SCH0288,0,1,1,0,1,UMANG RAY,NO REMARKS
INSP02425,2026-01-11,SCH0560,1,1,0,1,0,THOMAS KHURANA,TOILETS LOCKED
INSP01605,2025-12-20,SCH0130,,1,1,0,0,AISHANI CHOKSHI,NEEDS REPAIR
INSP01119,2025-10-03,SCH0547,0,1,,0,0,UPADHRITI MALLICK,GOOD CONDITION
INSP02971,2025-10-16,SCH0249,0,1,1,1,0,AADI SHETTY,NEEDS REPAIR
INSP01944,2025-10-24,SCH0466,1,,1,1,0,TEJAS BAJAJ,AVERAGE
INSP02385,2025-10-09,SCH0112,,,1,1,0,WIDISHA LAD,NO REMARKS
INSP02653,2025-09-17,SCH0591,1,0,1,1,1,EKARAJ PILLAY,AVERAGE
INSP01343,2025-05-13,SCH0565,1,1,1,,0,,NEEDS REPAIR
INSP00321,2025-10-20,SCH0407,0,1,0,0,1,TAMANNA OM,NO REMARKS
INSP01620,2025-08-31,SCH0170,1,0,0,1,0,HARSH SHANKAR,TOILETS LOCKED
INSP02574,2025-09-14,SCH0237,0,0,1,0,1,BRIJESH PANDEY,AVERAGE
INSP02061,2025-12-06,SCH0494,,0,1,1,0,,GOOD CONDITION
INSP02220,2026-03-18,SCH0477,1,1,1,0,0,NIHAL MERCHANT,TOILETS LOCKED
INSP01674,2025-07-07,SCH0260,0,,1,0,1,CHARLES KALA,TOILETS LOCKED
INSP01943,2026-05-01,SCH0457,1,1,1,0,0,RIYA RAVI,AVERAGE
INSP00261,2025-09-07,SCH0508,1,1,1,0,1,JAI RAI,TOILETS LOCKED
INSP02478,2026-02-15,SCH0452,0,1,1,0,0,ARJUN ANDRA,AVERAGE
INSP02040,2025-12-11,SCH0045,1,0,1,1,1,NOAH PARMAR,NO REMARKS
INSP00690,2025-09-23,SCH0218,1,1,1,1,1,ANUSHA KADAKIA,AVERAGE
INSP00902,2025-09-29,SCH0592,1,0,1,1,1,MANBIR SAGAR,NO REMARKS
INSP02027,2025-06-06,SCH0355,0,1,1,0,1,EIRAVATI BAVA,GOOD CONDITION
INSP00139,2026-03-27,SCH0517,1,1,1,1,0,BRINDA KRISHNA,GOOD CONDITION
INSP01918,2025-07-27,SCH0025,0,1,0,1,1,CHATURA PALLA,AVERAGE
INSP01829,2025-12-28,SCH0558,1,0,1,1,1,,GOOD CONDITION
INSP01574,2025-12-29,SCH0125,1,1,1,0,0,HRITIK TELLA,NO REMARKS
INSP00320,2025-06-23,SCH0452,1,0,1,1,0,,NO REMARKS
INSP00654,2025-11-28,SCH0506,1,1,0,1,0,PETER JHAVERI,NO REMARKS
INSP02138,2025-04-18,SCH0461,1,1,1,1,1,LEELA BASAK,AVERAGE
INSP02586,2025-07-30,SCH0193,1,1,0,1,1,,NO REMARKS
INSP00559,2025-10-26,SCH0133,,,1,1,1,DAYAMAI ANDRA,NO REMARKS
INSP02188,2026-03-10,SCH0555,1,1,,1,0,RUSHIL CHAKRABARTI,AVERAGE
INSP00113,2026-02-09,SCH0441,,1,0,1,1,NEELIMA GANGULY,GOOD CONDITION
INSP00532,2025-08-05,SCH0322,0,1,1,0,1,CHANAKYA KALA,GOOD CONDITION
INSP00225,2026-06-03,SCH0440,0,1,1,1,1,,NEEDS REPAIR
INSP00724,2025-09-08,SCH0237,,0,1,1,1,GAURAV SESHADRI,GOOD CONDITION
INSP02555,2025-10-27,SCH0254,1,1,1,0,1,AMRUTA NAYAR,TOILETS LOCKED
INSP02703,2025-09-14,SCH0179,1,1,1,1,1,ISAAC KIBE,GOOD CONDITION
INSP01434,2025-12-15,SCH0010,1,1,0,0,1,ABHIMANYU BHALLA,GOOD CONDITION
INSP02453,2025-03-06,SCH0291,1,1,0,0,0,,GOOD CONDITION
INSP02891,2025-11-12,SCH0436,1,1,1,0,1,GAUTAM HORA,GOOD CONDITION
INSP01459,2025-09-22,SCH0096,1,1,1,0,,ANYA KHANNA,TOILETS LOCKED
INSP02841,2026-02-21,SCH0407,0,1,1,1,0,HEMAL TAK,AVERAGE
INSP00847,2026-02-16,SCH0485,1,1,1,1,0,OMISHA SHENOY,TOILETS LOCKED
INSP00194,2025-09-10,SCH0297,1,0,1,1,0,ANMOL RAVAL,GOOD CONDITION
INSP01465,2025-09-30,SCH0550,1,1,0,,1,TRIPTI KAR,GOOD CONDITION
INSP00947,2025-06-03,SCH0440,1,1,1,0,1,ANVI DARA,NO REMARKS
INSP02022,2025-08-27,SCH0257,1,1,1,1,1,,AVERAGE
INSP01630,2025-10-04,SCH0210,1,1,1,1,1,GAVIN SEKHON,TOILETS LOCKED
INSP00118,2025-07-14,SCH0432,1,1,1,0,0,ANITA AGARWAL,NO REMARKS
INSP00646,2026-01-06,SCH0136,0,1,1,1,0,TANISH DHINGRA,AVERAGE
INSP01871,2025-12-24,SCH0028,1,1,1,1,0,MADHAVI DUTTA,NO REMARKS
INSP00004,2025-11-20,SCH0322,1,1,1,0,1,YACHANA DYAL,NEEDS REPAIR
INSP00075,2025-12-07,SCH0493,1,1,0,,0,FARHAN NAGI,GOOD CONDITION
INSP01756,2026-12-02,SCH0287,0,1,0,1,1,ANVI RAY,NO REMARKS
INSP00468,2025-09-26,SCH0531,0,1,1,1,,JAIRAJ MALHOTRA,NO REMARKS
INSP00006,2025-06-17,SCH0315,1,1,1,1,0,CHAITALY YADAV,NO REMARKS
INSP01247,2025-04-30,SCH0229,1,1,1,1,0,UPKAAR GARA,TOILETS LOCKED
INSP00920,2025-09-29,SCH0324,1,1,,1,,DAYITA HANDA,GOOD CONDITION
INSP00229,2025-06-19,SCH0506,0,1,1,0,0,NAKSH KOSHY,TOILETS LOCKED
INSP01064,2025-11-02,SCH0558,1,1,1,1,1,BENJAMIN KRISHNA,TOILETS LOCKED
INSP00243,2025-10-28,SCH0581,1,0,0,0,1,JAI DOCTOR,NEEDS REPAIR
INSP02403,2025-05-16,SCH0232,,1,0,0,1,MATTHEW RASTOGI,GOOD CONDITION
INSP01161,2025-09-06,SCH0037,1,1,1,1,0,VARENYA VISWANATHAN,NO REMARKS
INSP02645,2026-01-11,SCH0397,0,1,1,1,1,,NO REMARKS
INSP01527,2025-04-26,SCH0560,1,0,1,1,0,PAVANI BANIK,TOILETS LOCKED
INSP01606,2025-05-03,SCH0002,,1,1,1,0,CHARITA HALDER,NO REMARKS
INSP02927,2025-05-01,SCH0209,1,1,1,1,0,ZASHIL SHETTY,AVERAGE
INSP01317,2025-07-14,SCH0315,1,1,1,1,1,HARITA CHATTERJEE,NO REMARKS
INSP02677,2025-06-19,SCH0064,1,1,1,0,0,INDIRA JOHAL,TOILETS LOCKED
INSP01990,2026-04-01,SCH0287,,1,1,1,1,SAMESH KEER,TOILETS LOCKED
INSP02476,2026-02-19,SCH0268,1,1,0,0,1,RONITH DOCTOR,GOOD CONDITION
INSP01976,2025-10-12,SCH0209,0,1,1,,1,,AVERAGE
INSP01762,2025-12-18,SCH0509,1,0,0,1,1,PATRICK CHEEMA,AVERAGE
INSP01306,2026-03-01,SCH0462,1,,1,1,1,OJASVI CHAHAL,NO REMARKS
INSP01542,2025-08-21,SCH0062,0,1,1,1,0,REHAAN SAINI,GOOD CONDITION
INSP00623,2025-11-28,SCH0047,1,1,,0,1,ABDUL KAR,NEEDS REPAIR
INSP02437,2026-06-03,SCH0017,1,1,0,,0,TEERTH MANDAL,NO REMARKS
INSP01494,2026-10-03,SCH0014,0,1,1,0,0,PAHAL BATRA,AVERAGE
INSP00111,2025-06-07,SCH0060,1,1,1,1,0,BENJAMIN VARTY,NO REMARKS
INSP02276,2025-07-25,SCH0405,1,1,1,0,0,,TOILETS LOCKED
INSP02388,2025-09-12,SCH0217,0,0,1,1,0,EDHITHA LALL,AVERAGE
INSP01170,2025-05-21,SCH0571,1,1,1,0,1,VIDHI DUTTA,NEEDS REPAIR
INSP02589,2025-09-05,SCH0396,0,0,1,0,1,GAGAN IYENGAR,GOOD CONDITION
INSP00233,2025-12-29,SCH0303,0,1,1,1,1,YAGNESH WALI,TOILETS LOCKED
INSP00067,2025-12-29,SCH0546,0,1,1,0,1,ALEXANDER DEVAN,NO REMARKS
INSP02847,2026-03-31,SCH0432,1,1,1,1,0,,NO REMARKS
INSP02073,2026-02-05,SCH0228,1,1,1,1,1,IRYA HAYER,NO REMARKS
INSP02193,2025-12-31,SCH0479,1,1,1,1,0,OJASVI PERI,NO REMARKS
INSP00537,2025-05-31,SCH0144,1,1,1,1,0,PARTH RAU,AVERAGE
INSP00126,2026-01-19,SCH0033,0,0,1,0,0,,GOOD CONDITION
INSP02134,2025-04-01,SCH0213,0,1,1,1,0,REHAAN CHAUDHURI,NEEDS REPAIR
INSP01255,2025-02-09,SCH0568,1,1,1,1,1,AMOL SIDHU,NEEDS REPAIR
INSP02787,2025-08-10,SCH0311,1,1,0,1,1,LUKE RAMAKRISHNAN,GOOD CONDITION
INSP01977,2025-11-10,SCH0194,1,1,1,1,0,ADVAITH CHANA,NO REMARKS
INSP02590,2025-06-20,SCH0005,1,1,1,0,1,,NEEDS REPAIR
INSP02483,2025-06-27,SCH0237,,1,1,1,1,BHANUMATI BALAY,NEEDS REPAIR
INSP02076,2026-02-03,SCH0183,1,1,1,1,1,KASHVI AGARWAL,GOOD CONDITION
INSP00485,2025-07-11,SCH0435,0,1,1,0,1,RACHIT RATTAN,TOILETS LOCKED
INSP01655,2025-09-27,SCH0024,1,0,1,0,0,JAI AGGARWAL,NO REMARKS
INSP02814,2025-10-02,SCH0295,1,0,1,1,0,REVA DASGUPTA,TOILETS LOCKED
INSP02680,2026-02-20,SCH0119,1,1,1,1,1,ROHAN RAMESH,AVERAGE
INSP02529,2025-07-19,SCH0041,1,1,0,1,1,ADVIK RAJA,NEEDS REPAIR
INSP01775,2025-12-06,SCH0180,1,1,1,1,1,LOGAN SACHDEVA,NO REMARKS
INSP00919,2026-03-09,SCH0222,1,1,1,1,0,NITESH OM,TOILETS LOCKED
INSP01647,2026-02-08,SCH0445,1,1,0,,0,BAGHYAWATI DADA,AVERAGE
INSP01027,2025-04-11,SCH0318,1,,0,1,1,,NO REMARKS
INSP01031,2026-03-19,SCH0423,1,1,1,,0,DANIEL PERI,NO REMARKS
INSP00883,2025-12-16,SCH0191,1,1,1,1,0,BHANUMATI BHATNAGAR,TOILETS LOCKED
INSP01336,2026-01-05,SCH0263,0,1,1,1,0,MEGHA SAMRA,NEEDS REPAIR
INSP02342,2025-09-13,SCH0121,1,0,1,1,0,LEELA BRAR,NO REMARKS
INSP00365,2025-05-07,SCH0482,1,1,1,1,0,MICHAEL NARULA,TOILETS LOCKED
INSP02126,2025-06-22,SCH0298,1,1,,1,0,CHANCHAL PALAN,AVERAGE
INSP00028,2026-03-30,SCH0591,0,,1,0,0,BHANUMATI MALLICK,NEEDS REPAIR
INSP00474,2025-09-04,SCH0496,1,1,0,1,0,VIHAAN BARMAN,GOOD CONDITION
INSP00526,2025-05-16,SCH0587,1,1,1,1,1,YUVRAJ KANNAN,GOOD CONDITION
INSP00726,2025-10-20,SCH0261,1,0,1,1,0,JASON MAJUMDAR,TOILETS LOCKED
INSP00056,2025-11-08,SCH0086,1,1,1,0,0,VEER SAMA,NO REMARKS
INSP00639,2025-11-27,SCH0211,0,1,1,1,1,VASUDHA KURIAN,NO REMARKS
INSP00303,2025-07-31,SCH0172,0,1,1,0,1,CHATRESH MANNE,NO REMARKS
INSP02743,2026-03-27,SCH0242,,1,1,0,0,,GOOD CONDITION
INSP01277,2025-11-04,SCH0061,0,1,0,1,0,WRIDESH YOHANNAN,TOILETS LOCKED
INSP02772,2025-05-01,SCH0518,1,0,1,1,0,UPADHRITI SOM,AVERAGE
INSP00625,2026-03-08,SCH0034,1,1,1,0,,IMARAN KONDA,GOOD CONDITION
INSP02056,2026-01-21,SCH0230,,1,1,,1,ADVIKA KALA,NO REMARKS
INSP01281,2026-01-20,SCH0458,0,1,0,0,,ISHAAN LAL,AVERAGE
INSP01050,2025-07-10,SCH0587,,1,1,1,1,FINN BABU,NO REMARKS
INSP00337,2025-11-08,SCH0492,1,1,0,1,0,RANBIR DAYAL,GOOD CONDITION
INSP00048,2026-07-03,SCH0324,1,1,0,0,0,CHARAN KALA,NEEDS REPAIR
INSP00107,2025-05-29,SCH0128,1,1,1,0,1,MUGDHA NARULA,AVERAGE
INSP01080,2025-12-04,SCH0150,1,1,0,1,1,KASHVI BAHL,AVERAGE
INSP02287,2026-02-14,SCH0322,1,1,1,0,1,,NO REMARKS
INSP02262,2026-02-05,SCH0176,1,1,1,0,0,SANAYA GOYAL,GOOD CONDITION
INSP01145,2025-10-06,SCH0024,1,1,0,0,0,RACHANA WALLA,AVERAGE
INSP02510,2025-07-16,SCH0427,1,1,1,1,1,JACKSON PRADHAN,NEEDS REPAIR
INSP02297,2025-09-20,SCH0072,1,1,1,0,1,GAYATHRI SHARAF,TOILETS LOCKED
INSP01837,2025-03-05,SCH0193,1,1,1,1,1,WIDISHA SARMA,AVERAGE
INSP01754,2025-10-11,SCH0294,1,1,1,0,0,NITARA SAMPATH,GOOD CONDITION
INSP01102,2025-01-06,SCH0039,,1,0,0,0,FRADO KOTA,NO REMARKS
INSP01969,2025-12-30,SCH0297,1,1,1,1,0,IKSHITA SINGH,AVERAGE
INSP00524,2025-12-27,SCH0567,1,1,1,,,TRIVENI PANT,NO REMARKS
INSP02281,2025-07-16,SCH0259,1,1,1,1,0,UMANG CHAUDHRY,NO REMARKS
INSP01429,2025-09-01,SCH0316,1,1,1,0,0,NATHAN SAHNI,NO REMARKS
INSP02742,2025-04-23,SCH0231,1,1,1,0,0,BARKHA BALA,GOOD CONDITION
INSP00604,2025-08-03,SCH0552,1,1,1,1,1,BHAVINI NARANG,NEEDS REPAIR
INSP01490,2025-07-05,SCH0316,0,0,1,1,1,RYAN BHARGAVA,TOILETS LOCKED
INSP02475,2025-04-07,SCH0496,1,1,1,1,0,ONKAR KARAN,NO REMARKS
INSP00061,2025-05-11,SCH0518,0,1,1,0,0,ANAMIKA KAPUR,GOOD CONDITION
INSP02890,2025-07-29,SCH0008,1,0,1,1,1,SAMAKSH AURORA,NEEDS REPAIR
INSP00672,2025-11-30,SCH0230,1,0,1,1,0,VICTOR BHAKTA,AVERAGE
INSP00093,2025-07-21,SCH0366,0,1,0,0,1,YAMINI MAHARAJ,AVERAGE
INSP00667,2025-05-13,SCH0412,1,1,1,1,,SUHANI NATH,NO REMARKS
INSP01888,2025-04-11,SCH0417,1,1,1,0,0,KRISHA RAVI,GOOD CONDITION
INSP00281,2026-03-02,SCH0477,0,0,1,0,0,HEMANI CHOPRA,TOILETS LOCKED
INSP01720,2025-06-15,SCH0337,1,1,1,0,0,RADHIKA KALLA,GOOD CONDITION
INSP00360,2025-10-20,SCH0382,0,0,1,0,1,AARNA SHARMA,NO REMARKS
INSP00900,2025-11-22,SCH0036,1,1,1,0,0,NICHOLAS ROY,TOILETS LOCKED
INSP01936,2025-09-23,SCH0141,0,1,1,1,1,,GOOD CONDITION
INSP01995,2026-03-23,SCH0223,1,1,1,1,0,ADVAITH PRABHAKAR,GOOD CONDITION
INSP01726,2025-11-13,SCH0316,1,0,1,1,1,CHAKRADHAR KAPOOR,AVERAGE
INSP00761,2025-07-01,SCH0520,0,1,1,1,1,VASANA KEER,TOILETS LOCKED
INSP02159,2025-04-04,SCH0090,1,,0,1,0,,NEEDS REPAIR
INSP02758,2025-12-23,SCH0096,0,1,0,0,0,ISHANVI RATTI,AVERAGE
INSP00043,2025-07-15,SCH0032,0,1,,1,0,UNNATI SHANKAR,NO REMARKS
INSP02174,2025-04-30,SCH0509,,1,1,1,0,RACHANA SEM,NO REMARKS
INSP00205,2025-11-16,SCH0411,,0,1,1,1,BRIJESH VIRK,TOILETS LOCKED
INSP01474,2025-11-04,SCH0548,1,0,,1,,EKAPAD KEER,AVERAGE
INSP02101,2025-10-07,SCH0004,1,1,1,0,0,,NO REMARKS
INSP00069,2026-02-18,SCH0532,1,1,1,,0,ANIKA WARRIOR,NEEDS REPAIR
INSP01876,2025-10-01,SCH0587,1,1,1,1,1,FINN KHURANA,NEEDS REPAIR
INSP02600,2025-09-10,SCH0414,1,0,1,1,1,FARAJ MISHRA,NO REMARKS
INSP02232,2025-07-17,SCH0375,1,1,0,0,1,BAGHYAWATI OAK,NO REMARKS
INSP00138,2025-08-22,SCH0075,1,0,0,0,1,IRA ATWAL,TOILETS LOCKED
INSP00797,2025-05-06,SCH0319,1,1,1,0,1,PRANAV KRISHNA,NEEDS REPAIR
INSP02181,2025-08-05,SCH0033,1,1,1,1,0,FARIQ LAD,TOILETS LOCKED
INSP02129,2026-03-04,SCH0244,0,0,1,1,1,PAVANI PAL,AVERAGE
INSP00759,2025-09-22,SCH0246,0,,0,0,1,JHALAK THAMAN,NO REMARKS
INSP00542,2026-02-22,SCH0411,1,1,1,0,0,BHAVNA SUBRAMANIAN,AVERAGE
INSP01020,2025-05-13,SCH0178,0,1,1,0,0,,AVERAGE
INSP02412,2025-07-24,SCH0457,,1,0,0,0,NAKSH GHOSH,AVERAGE
INSP00166,2025-07-05,SCH0309,0,1,1,,1,,NO REMARKS
INSP00249,2025-10-29,SCH0371,1,,1,0,1,ONKAR DUA,TOILETS LOCKED
INSP01332,2025-04-23,SCH0220,1,1,1,0,0,EKANSH NAYAK,GOOD CONDITION
INSP02018,2025-07-10,SCH0471,0,1,1,1,0,EIRAVATI JANI,NO REMARKS
INSP00447,2026-02-01,SCH0143,1,1,1,1,0,DALAJA RAO,NEEDS REPAIR
INSP01359,2025-05-20,SCH0446,0,1,1,1,1,ANMOL MAND,NEEDS REPAIR
INSP02146,2025-12-25,SCH0085,0,1,1,1,1,GAVIN D’ALIA,TOILETS LOCKED
INSP01330,2025-04-01,SCH0463,1,1,1,1,1,CHAMPAK WARRIOR,NO REMARKS
INSP00153,2025-10-15,SCH0540,1,1,1,1,1,GEETIKA KULKARNI,NO REMARKS
INSP02151,2026-01-14,SCH0371,1,1,1,1,1,INDALI WALLA,GOOD CONDITION
INSP00435,2025-11-19,SCH0189,1,1,1,,1,,NEEDS REPAIR
INSP02123,2026-01-23,SCH0226,1,0,1,1,0,WARJAS MALL,GOOD CONDITION
INSP00578,2025-12-24,SCH0109,1,1,1,0,0,ANDREW AHUJA,TOILETS LOCKED
INSP02515,2025-06-01,SCH0135,0,1,1,1,1,IJAYA KARPE,NO REMARKS
INSP02882,2025-07-20,SCH0059,0,1,0,1,1,CHRISTOPHER AGARWAL,GOOD CONDITION
INSP01849,2025-05-14,SCH0345,1,1,0,1,1,QASIM KANDA,NO REMARKS
INSP00763,2025-05-18,SCH0092,1,1,1,1,1,ISHA KOHLI,NO REMARKS
INSP00389,2025-08-16,SCH0238,1,1,1,1,0,ARADHANA BUMB,AVERAGE
INSP00236,2025-09-11,SCH0329,1,1,1,0,1,FARIQ SEN,AVERAGE
INSP02740,2025-05-29,SCH0543,0,1,1,1,0,TANMAYI PURI,AVERAGE
INSP01985,2025-12-11,SCH0531,,1,1,1,0,TANVI PADMANABHAN,GOOD CONDITION
INSP00268,2025-12-30,SCH0206,,1,1,1,1,IRYA MODY,NEEDS REPAIR
INSP00771,2025-05-09,SCH0309,1,,1,0,0,OM SHENOY,NO REMARKS
INSP02166,2025-12-12,SCH0471,,,1,,1,HARSHIL BHARGAVA,GOOD CONDITION
INSP00438,2025-04-28,SCH0417,1,0,1,0,0,MITALI NAIR,NEEDS REPAIR
INSP00674,2025-04-15,SCH0059,0,1,1,1,,CHAMAN NAIK,NO REMARKS
INSP00250,2026-06-03,SCH0098,1,1,1,1,0,OJAS DOSHI,AVERAGE
INSP02202,2026-05-03,SCH0312,1,1,1,0,,LAKSHMI SAMI,GOOD CONDITION
INSP01575,2025-09-17,SCH0311,1,1,1,1,0,IRYA NARASIMHAN,GOOD CONDITION
INSP02143,2026-02-13,SCH0452,1,1,0,0,0,LILA TANEJA,AVERAGE
INSP02082,2025-04-13,SCH0181,1,1,,1,0,KRISHA BAL,NO REMARKS
INSP02753,2025-09-28,SCH0270,1,1,1,,1,RAAGINI WASON,NO REMARKS
INSP02701,2025-09-07,SCH0025,1,1,1,0,,KRISHNA KORPAL,TOILETS LOCKED
INSP01966,2026-03-13,SCH0281,1,1,0,0,1,VIHAAN VARMA,GOOD CONDITION
INSP00449,2025-08-15,SCH0310,,1,1,0,1,ANAY BEN,NO REMARKS
INSP01470,2026-03-07,SCH0268,0,1,1,1,1,ANIKA SAHOTA,TOILETS LOCKED
INSP00717,2026-02-16,SCH0242,1,1,1,1,0,BACHITTAR TALWAR,TOILETS LOCKED
INSP02682,2025-09-23,SCH0574,1,1,1,0,1,RAAGINI DUBE,NO REMARKS
INSP02750,2025-02-10,SCH0187,1,1,1,0,1,SARA CHANDRA,GOOD CONDITION
INSP02049,2025-06-16,SCH0259,1,1,1,1,0,,AVERAGE
INSP01902,2026-02-24,SCH0417,0,1,1,1,1,EKANTA GANGULY,GOOD CONDITION
INSP01169,2025-06-01,SCH0435,1,1,0,1,0,NIKITA BORAH,NO REMARKS
INSP00083,2025-12-30,SCH0130,1,1,1,1,0,JAI SHETH,NO REMARKS
INSP02550,2026-01-03,SCH0330,1,0,,1,0,EESHA BANERJEE,NEEDS REPAIR
INSP01461,2025-07-23,SCH0590,1,1,1,1,1,QARIN WALI,NEEDS REPAIR
INSP01894,2025-12-18,SCH0238,1,1,1,0,0,KAI OAK,AVERAGE
INSP01669,2025-07-04,SCH0080,0,1,1,,1,CHARAN SURA,NEEDS REPAIR
INSP02001,2025-04-20,SCH0425,1,1,1,0,1,JAGVI GOUR,NO REMARKS
INSP00476,2025-10-25,SCH0241,1,1,,1,0,LEELA PALLA,TOILETS LOCKED
INSP00518,2025-08-31,SCH0272,1,1,1,1,0,ALKA SHERE,NO REMARKS
INSP00405,2025-09-03,SCH0290,1,1,0,0,1,,GOOD CONDITION
INSP00385,2026-05-03,SCH0387,1,1,1,1,1,KRITIKA SETTY,TOILETS LOCKED
INSP02762,2025-04-09,SCH0238,0,0,1,,0,FARAJ SAGAR,NO REMARKS
INSP02153,2025-11-04,SCH0354,1,1,1,1,0,VASATIKA SURESH,NEEDS REPAIR
INSP01634,2026-01-16,SCH0469,,1,1,0,0,CHAMAN CHHABRA,NO REMARKS
INSP01191,2025-09-20,SCH0272,1,1,,1,1,VIHAAN RAMASWAMY,TOILETS LOCKED
INSP00689,2025-11-07,SCH0017,0,0,1,,1,,NO REMARKS
INSP01241,2025-07-18,SCH0170,0,1,1,,0,JAI MANDAL,TOILETS LOCKED
INSP00063,2025-07-20,SCH0464,1,1,1,1,0,HARSH NAGY,AVERAGE
INSP00853,2025-04-23,SCH0329,1,1,1,1,,ATHARV BALAKRISHNAN,GOOD CONDITION
INSP02892,2026-02-03,SCH0225,,1,1,0,1,SAI RAM,TOILETS LOCKED
INSP02606,2025-07-24,SCH0429,0,1,1,1,,RIA BEDI,NEEDS REPAIR
INSP01263,2025-07-12,SCH0540,0,0,1,,1,GABRIEL JAGGI,NO REMARKS
INSP00224,2025-12-13,SCH0562,1,1,0,0,1,MANAN PATLA,NO REMARKS
INSP02194,2025-08-22,SCH0263,0,0,1,0,1,QARIN SURI,AVERAGE
INSP00374,2025-04-07,SCH0017,1,1,1,1,1,FITAN YOGI,NEEDS REPAIR
INSP01825,2025-04-21,SCH0214,1,1,1,1,,LEKHA CHAUDHARI,GOOD CONDITION
INSP02668,2025-08-16,SCH0580,0,1,1,1,1,UPKAAR KHURANA,NO REMARKS
INSP00645,2025-10-18,SCH0589,1,1,0,1,0,AMAIRA PADMANABHAN,AVERAGE
INSP02731,2026-01-11,SCH0585,1,1,1,1,1,WAKEETA MERCHANT,NEEDS REPAIR
INSP02822,2026-01-13,SCH0432,,1,1,1,1,ZAYYAN OZA,GOOD CONDITION
INSP00010,2025-10-11,SCH0020,,1,0,1,1,WRIDDHISH GOLLA,NEEDS REPAIR
INSP01945,2026-03-17,SCH0235,1,,1,,1,GARIMA DEVI,GOOD CONDITION
INSP01839,2025-11-18,SCH0497,1,1,1,0,,MUGDHA LAD,TOILETS LOCKED
INSP00709,2026-02-13,SCH0377,1,1,,1,1,POOJA D’ALIA,NO REMARKS
INSP00256,2026-07-03,SCH0478,,1,1,1,1,YASHASVI GADE,NO REMARKS
INSP01618,2025-11-22,SCH0116,0,,1,1,0,UPMA SAVANT,NO REMARKS
INSP00390,2025-09-24,SCH0042,1,1,1,1,1,XAVIER KEER,NEEDS REPAIR
INSP01582,2025-12-01,SCH0279,1,1,1,0,0,OJASVI BASSI,NEEDS REPAIR
INSP00925,2025-12-11,SCH0488,0,,1,0,1,DALAJA NATH,GOOD CONDITION
INSP02037,2025-09-03,SCH0410,1,1,1,1,1,SARTHAK BHATTI,TOILETS LOCKED
INSP02527,2025-12-27,SCH0430,0,1,1,1,,CHATRESH MOHAN,GOOD CONDITION
INSP01225,2025-06-21,SCH0596,0,1,,1,0,JANANI MITTER,NEEDS REPAIR
INSP01947,2025-06-29,SCH0514,1,1,1,0,0,NIRJA TOOR,AVERAGE
INSP00740,2025-10-06,SCH0008,1,1,1,0,1,PRANEEL CHAHAL,TOILETS LOCKED
INSP00041,2025-09-22,SCH0116,1,1,1,1,,TANVEER GARDE,NEEDS REPAIR
INSP00869,2026-02-21,SCH0441,1,1,1,0,1,WARINDER BHARDWAJ,AVERAGE
INSP00540,2025-01-10,SCH0067,1,1,0,1,1,OSHA KARA,NO REMARKS
INSP01299,2025-11-01,SCH0075,1,,1,1,1,WARJAS JANI,TOILETS LOCKED
INSP01372,2026-01-08,SCH0206,0,1,0,1,0,UPMA GUHA,NO REMARKS
INSP01146,2025-04-22,SCH0341,1,1,1,1,0,REYANSH YOGI,NEEDS REPAIR
INSP01032,2026-01-16,SCH0195,1,1,0,0,1,AARNAV MITTAL,AVERAGE
INSP00373,2025-04-26,SCH0524,1,0,0,1,1,BENJAMIN MODI,NO REMARKS
INSP00668,2025-06-07,SCH0127,,1,1,1,0,QABIL DESAI,NEEDS REPAIR
INSP00358,2026-02-25,SCH0051,1,1,1,0,1,EKAPAD BAVA,TOILETS LOCKED
INSP00968,2026-02-23,SCH0203,1,1,1,1,1,GAVIN BERA,NEEDS REPAIR
INSP01354,2025-04-20,SCH0506,1,1,1,1,0,IRYA AMBLE,AVERAGE
INSP01036,2026-01-24,SCH0586,1,1,1,1,1,JACK RAI,NO REMARKS
INSP00471,2025-06-12,SCH0042,1,1,1,1,,,NO REMARKS
INSP01397,2026-02-13,SCH0596,0,1,1,0,0,HAMSINI SEKHON,GOOD CONDITION
INSP02756,2025-05-21,SCH0252,1,0,1,,1,SAKSHAM HORA,NO REMARKS
INSP01550,2025-08-11,SCH0403,0,,0,1,1,TEERTH NARAIN,NO REMARKS
INSP01257,2025-09-18,SCH0192,1,1,0,0,,,NEEDS REPAIR
INSP02095,2025-07-06,SCH0258,1,1,1,0,1,BAKHSHI BALI,GOOD CONDITION
INSP01556,2026-03-18,SCH0331,1,1,1,1,1,,NEEDS REPAIR
INSP02722,2025-12-01,SCH0084,1,1,1,0,0,MADHAV DHAWAN,GOOD CONDITION
INSP01251,2025-10-24,SCH0232,1,1,1,0,0,EKANTA KURUVILLA,GOOD CONDITION
INSP01700,2025-07-12,SCH0208,0,1,1,0,0,KAMALA MURTY,AVERAGE
INSP01253,2025-04-05,SCH0421,1,1,,1,,,NO REMARKS
INSP02923,2025-08-28,SCH0344,1,1,1,0,0,DARPAN DHALIWAL,NO REMARKS
INSP00080,2025-01-10,SCH0526,0,0,0,1,0,JASMIT SAMPATH,AVERAGE
INSP01173,2026-01-11,SCH0398,0,1,1,1,1,,GOOD CONDITION
INSP00815,2025-09-22,SCH0419,1,1,1,1,1,AYAAN DIN,TOILETS LOCKED
INSP01853,2025-08-16,SCH0132,1,,1,0,1,ADVIK KORPAL,GOOD CONDITION
INSP02221,2026-03-26,SCH0499,0,1,,1,0,,GOOD CONDITION
INSP02765,2025-09-11,SCH0103,0,1,1,0,0,PRATYUSH KHOSLA,NO REMARKS
INSP02106,2025-04-07,SCH0466,1,1,1,1,1,ELIJAH DUGAR,GOOD CONDITION
INSP00134,2025-04-24,SCH0266,1,1,1,1,0,HREDHAAN SHERE,NEEDS REPAIR
INSP01141,2025-09-23,SCH0018,1,1,1,0,0,,NO REMARKS
INSP00934,2026-01-24,SCH0156,1,1,1,1,0,NITESH VARUGHESE,TOILETS LOCKED
INSP00929,2025-04-01,SCH0534,1,0,,,0,NOAH DEOL,NO REMARKS
INSP00824,2025-11-17,SCH0427,1,1,1,,,HARSH KONDA,AVERAGE
INSP01532,2025-12-05,SCH0003,1,1,1,1,1,BAKHSHI BUTALA,TOILETS LOCKED
INSP01215,2025-06-28,SCH0143,0,1,0,1,0,JASON GILL,AVERAGE
INSP00505,2026-02-25,SCH0109,0,1,1,1,0,EKAVIR TARA,NO REMARKS
INSP02046,2025-12-04,SCH0228,,0,1,1,1,WARDA MANDER,NEEDS REPAIR
INSP02396,2025-12-09,SCH0579,0,1,1,0,0,ALKA DUA,NEEDS REPAIR
INSP01997,2025-06-14,SCH0142,1,1,1,1,,,NEEDS REPAIR
INSP02435,2025-04-17,SCH0249,1,0,1,0,1,,AVERAGE
INSP01959,2025-05-22,SCH0567,,0,1,1,1,HREDHAAN MADAN,GOOD CONDITION
INSP01385,2025-11-18,SCH0212,1,1,1,1,0,SHRAVYA AGGARWAL,NO REMARKS
INSP00895,2026-01-17,SCH0204,1,1,1,0,0,VASANA CHAUDHURI,NO REMARKS
INSP00829,2025-11-14,SCH0086,1,1,0,1,1,AMARA CHOUDHRY,GOOD CONDITION
INSP00052,2025-12-07,SCH0320,0,1,1,0,0,DAKSHA KAPADIA,GOOD CONDITION
INSP02524,2025-04-23,SCH0558,1,1,1,1,0,HARRISON BHATNAGAR,GOOD CONDITION
INSP01684,2025-09-19,SCH0248,1,1,1,0,1,EKALINGA SACHDEVA,NO REMARKS
INSP02707,2025-12-03,SCH0472,1,1,1,1,,AARUSH AGATE,TOILETS LOCKED
INSP01764,2026-01-31,SCH0019,1,1,1,,1,,GOOD CONDITION
INSP02643,2025-07-31,SCH0183,1,1,1,1,1,SAMUEL DUGAR,NEEDS REPAIR
INSP00653,2026-02-07,SCH0572,1,1,0,0,0,AARINI NARASIMHAN,NO REMARKS
INSP00173,2025-06-07,SCH0151,1,1,1,1,,,GOOD CONDITION
INSP00039,2025-09-18,SCH0246,0,1,0,1,1,IKSHITA LANKA,NEEDS REPAIR
INSP01331,2025-10-12,SCH0498,1,1,0,1,1,NITESH BARIA,NO REMARKS
INSP00714,2026-01-24,SCH0147,1,1,1,,1,ANAMIKA BORDE,NO REMARKS
INSP00091,2026-01-06,SCH0496,1,1,0,1,1,TRIVENI RAO,AVERAGE
INSP00046,2025-11-14,SCH0280,1,1,1,1,0,NAKSH RAY,GOOD CONDITION
INSP01206,2025-07-17,SCH0278,1,1,1,1,0,,NO REMARKS
INSP02603,2025-09-15,SCH0203,1,0,1,1,1,QUSHI MERCHANT,NEEDS REPAIR
INSP02718,2026-02-20,SCH0318,1,1,,1,0,MANAN JOSHI,GOOD CONDITION
INSP01828,2026-01-25,SCH0586,1,1,1,1,0,,AVERAGE
INSP01156,2025-03-08,SCH0214,1,1,,0,0,LOGAN KURUVILLA,NEEDS REPAIR
INSP01325,2026-03-13,SCH0278,1,1,1,1,0,ISAAC PRABHAKAR,AVERAGE
INSP00217,2026-02-18,SCH0082,1,1,1,1,0,EKANI SAHNI,NO REMARKS
INSP00511,2026-01-20,SCH0265,0,1,0,0,0,TURVI SUNDARAM,TOILETS LOCKED
INSP01681,2025-07-10,SCH0037,1,1,0,1,0,ANJALI DUA,GOOD CONDITION
INSP00500,2025-08-23,SCH0062,0,1,,1,1,EKTA PANDEY,NO REMARKS
INSP02609,2025-10-09,SCH0057,1,,0,1,0,MANBIR SOOD,NO REMARKS
INSP01857,2025-04-11,SCH0436,0,1,1,0,1,AMOL DUTTA,NEEDS REPAIR
INSP01389,2025-05-26,SCH0306,1,1,1,0,1,OMAJA BAL,NO REMARKS
INSP01520,2025-04-23,SCH0498,0,1,1,0,0,,TOILETS LOCKED
INSP02387,2025-11-07,SCH0062,1,1,0,1,0,UNNI CHAUHAN,NEEDS REPAIR
INSP02861,2025-08-16,SCH0016,1,1,0,1,1,VRISHTI GOEL,TOILETS LOCKED
INSP02077,2025-07-17,SCH0077,,0,1,1,0,DAVID PATEL,AVERAGE
INSP01541,2026-01-23,SCH0123,0,0,1,1,1,YAGNESH BUCH,AVERAGE
INSP01218,2025-12-12,SCH0433,1,1,1,1,0,PRIYA SEN,NO REMARKS
INSP01417,2025-07-19,SCH0094,1,1,1,1,,REYANSH TARA,NEEDS REPAIR
INSP02218,2026-01-26,SCH0013,1,1,1,1,1,YASHODHARA GOPAL,AVERAGE
INSP02650,2025-11-04,SCH0582,1,1,1,,0,NICHOLAS GARG,TOILETS LOCKED
INSP01677,2025-10-19,SCH0599,1,1,1,0,1,TANVI KANNAN,AVERAGE
INSP01198,2025-04-28,SCH0322,1,1,0,0,0,PANINI NARANG,NEEDS REPAIR
INSP01543,2025-04-23,SCH0365,1,,1,0,0,VRITTI BASSI,AVERAGE
INSP02540,2025-06-22,SCH0230,1,1,1,1,1,HEMAL JAIN,GOOD CONDITION
INSP00954,2025-10-30,SCH0158,1,1,1,0,,VRITTI TARA,AVERAGE
INSP00751,2025-08-23,SCH0538,,1,1,0,1,LOHIT KARPE,NEEDS REPAIR
INSP00235,2025-10-04,SCH0222,0,1,,0,,ISHA DEVAN,TOILETS LOCKED
INSP00733,2025-04-04,SCH0235,1,1,1,0,0,ANAMIKA SRIVASTAVA,NO REMARKS
INSP01269,2025-10-04,SCH0488,1,1,1,0,,OJASVI RATTAN,NO REMARKS
INSP01157,2025-11-08,SCH0361,1,1,0,1,1,WISHI BHARDWAJ,GOOD CONDITION
INSP02706,2026-02-28,SCH0450,0,1,1,0,1,YOSHITA JANI,GOOD CONDITION
INSP02446,2025-01-05,SCH0338,1,0,1,1,1,URMI THAKUR,TOILETS LOCKED
INSP01210,2026-02-04,SCH0287,0,1,1,1,1,,GOOD CONDITION
INSP01066,2025-10-16,SCH0334,1,1,1,0,0,ZARNA OOMMEN,NEEDS REPAIR
INSP02157,2026-01-25,SCH0488,1,1,0,1,0,SAMAKSH PANT,TOILETS LOCKED
INSP01063,2025-05-30,SCH0554,1,0,1,0,1,SIDDHARTH DIVAN,NO REMARKS
INSP01168,2025-10-11,SCH0442,0,1,1,1,1,RANVEER YOHANNAN,AVERAGE
INSP01493,2025-04-12,SCH0330,1,1,1,1,1,CHAITANYA CHAND,AVERAGE
INSP02604,2025-04-14,SCH0411,1,1,1,1,1,ANAY KARAN,NO REMARKS
INSP00885,2025-11-12,SCH0531,,1,1,0,0,,GOOD CONDITION
INSP00144,2025-05-22,SCH0229,1,1,0,0,1,BRIJESH YADAV,TOILETS LOCKED
INSP02478,2026-02-15,SCH0452,0,1,1,0,0,ARJUN ANDRA,AVERAGE
INSP00851,2026-01-17,SCH0412,,1,1,0,1,DEVANSH SANGHVI,NO REMARKS
INSP00718,2025-09-09,SCH0555,1,1,1,1,0,,NO REMARKS
INSP02985,2025-04-12,SCH0271,1,1,1,0,0,ADYA VASA,AVERAGE
INSP02503,2025-08-06,SCH0196,0,1,1,1,1,LAVANYA TALWAR,NO REMARKS
INSP00265,2025-06-13,SCH0321,1,,,1,,CHAVVI UPADHYAY,NO REMARKS
INSP00076,2026-01-22,SCH0330,1,1,1,1,0,GIRIK VENKATESH,NO REMARKS
INSP02493,2025-11-16,SCH0339,1,0,1,1,1,MEGHANA SEHGAL,NO REMARKS
INSP00396,2025-10-19,SCH0593,1,1,0,0,1,CHANDRAN SOLANKI,NO REMARKS
INSP02678,2025-11-19,SCH0451,1,1,1,0,1,FARIQ DIXIT,NO REMARKS
INSP02225,2025-10-18,SCH0263,0,1,1,0,0,FALGUNI RAMANATHAN,TOILETS LOCKED
INSP02942,2025-07-02,SCH0254,0,0,1,,0,YASH BHAKTA,AVERAGE
INSP00397,2025-08-28,SCH0572,1,1,,0,0,GAURANG SONI,TOILETS LOCKED
INSP01366,2025-07-14,SCH0012,1,0,,0,,,NEEDS REPAIR
INSP02631,2026-03-04,SCH0527,0,1,1,1,,AYUSHMAN APTE,TOILETS LOCKED
INSP01904,2026-02-14,SCH0289,0,1,0,1,0,CHAMAN HANS,NEEDS REPAIR
INSP00596,2025-12-14,SCH0055,1,0,1,1,0,SANYA BHARGAVA,NO REMARKS
INSP02110,2025-10-07,SCH0565,1,1,1,0,0,JAGDISH KOTHARI,GOOD CONDITION
INSP01297,2025-08-02,SCH0020,1,1,1,1,0,KRISH CHAUDRY,TOILETS LOCKED
INSP01822,2025-05-05,SCH0073,0,1,1,0,1,TANMAYI SRIDHAR,TOILETS LOCKED
INSP00873,2025-09-09,SCH0507,1,1,1,1,0,VRINDA HALDER,NO REMARKS
INSP02902,2025-04-19,SCH0217,1,1,1,1,1,CHASMUM SHETH,NO REMARKS
INSP02327,2025-11-04,SCH0273,1,,1,1,1,,GOOD CONDITION
INSP01549,2025-06-09,SCH0328,1,1,1,0,0,PRANAV TATA,NEEDS REPAIR
INSP00037,2025-06-27,SCH0369,0,0,1,1,1,FORUM TATA,NO REMARKS
INSP02658,2026-03-13,SCH0515,1,1,1,1,0,NATHAN JAIN,GOOD CONDITION
INSP02144,2025-06-10,SCH0315,1,1,1,1,0,KRISHNA MUNSHI,NEEDS REPAIR
INSP02689,2026-02-11,SCH0028,1,1,0,1,1,,NO REMARKS
INSP00978,2026-03-10,SCH0041,1,1,1,1,1,SAI PRASAD,NO REMARKS
INSP01572,2025-05-31,SCH0442,0,1,1,0,0,LUCKY KHURANA,NO REMARKS
INSP01123,2025-04-16,SCH0003,1,1,1,0,1,OMAJA SHANKER,AVERAGE
INSP02240,2025-04-28,SCH0160,1,1,1,1,0,PRISHA RAGHAVAN,GOOD CONDITION
INSP02505,2025-12-16,SCH0461,0,1,1,1,1,OLIVER GODA,GOOD CONDITION
INSP01893,2026-02-28,SCH0560,1,1,1,0,,YASH SINGH,AVERAGE
INSP00676,2025-09-11,SCH0514,,1,0,1,0,SUDIKSHA THAKER,AVERAGE
INSP00729,2026-02-09,SCH0555,1,1,1,1,1,YASHASVI PARSA,NO REMARKS
INSP00413,2025-04-21,SCH0468,,1,1,1,0,,AVERAGE
INSP01517,2025-10-11,SCH0208,1,1,0,0,1,LOHIT SHENOY,NEEDS REPAIR
INSP01650,2025-07-19,SCH0566,1,1,0,0,1,RIA DYAL,TOILETS LOCKED
INSP00826,2026-02-10,SCH0062,0,1,1,0,1,UPASNA BADAL,AVERAGE
INSP00617,2025-08-29,SCH0474,0,1,1,1,0,PETER GULATI,NO REMARKS
INSP00115,2026-01-19,SCH0070,,1,1,1,1,WRIDDHISH SHERE,TOILETS LOCKED
INSP00418,2026-02-17,SCH0265,1,1,1,1,1,,NO REMARKS
INSP01626,2025-05-16,SCH0196,1,1,,1,1,HARISH PATHAK,GOOD CONDITION
INSP02002,2026-03-17,SCH0175,0,1,1,1,0,YUTIKA DUGAR,GOOD CONDITION
INSP00090,2026-02-13,SCH0175,1,0,1,0,1,NIDRA GOSWAMI,TOILETS LOCKED
INSP02083,2025-06-11,SCH0441,1,1,0,,0,JANUJA RAJAGOPAL,TOILETS LOCKED
INSP00754,2025-11-17,SCH0437,0,,1,0,0,,NO REMARKS
INSP02547,2025-09-25,SCH0331,1,1,1,0,0,ANJALI HANDA,TOILETS LOCKED
INSP01631,2025-06-16,SCH0016,1,0,1,0,0,ABEER VORA,GOOD CONDITION
INSP00012,2025-10-18,SCH0202,1,0,1,1,0,PAVANI NAIR,TOILETS LOCKED
INSP02445,2025-04-16,SCH0533,1,1,1,0,1,OMISHA KONDA,GOOD CONDITION
INSP00285,2025-09-20,SCH0327,0,1,1,1,1,GAURI GILL,GOOD CONDITION
INSP01067,2026-02-26,SCH0080,1,1,0,1,0,BHAVNA MODI,NEEDS REPAIR
INSP01192,2025-06-16,SCH0600,1,1,1,1,0,,NO REMARKS
INSP01441,2025-06-06,SCH0133,1,1,1,,,HARSH VOHRA,NEEDS REPAIR
INSP02944,2025-12-26,SCH0334,1,1,1,1,1,CHANAKYA WAGLE,NEEDS REPAIR
INSP02943,2026-02-15,SCH0206,1,1,1,0,1,RANVEER MANI,TOILETS LOCKED
INSP02850,2025-10-13,SCH0204,1,1,1,1,,JEREMIAH BUCH,AVERAGE
INSP01569,2025-10-20,SCH0189,1,1,0,1,0,,NO REMARKS
INSP02428,2026-10-01,SCH0254,0,1,1,1,0,DAYAMAI YADAV,NEEDS REPAIR
INSP02710,2025-09-10,SCH0447,0,1,1,0,1,ALKA MANI,TOILETS LOCKED
INSP01688,2025-07-29,SCH0466,1,0,1,0,1,MASON BAHL,AVERAGE
INSP00852,2025-09-05,SCH0435,0,1,1,1,0,TRIVENI BHAGAT,TOILETS LOCKED
INSP02208,2025-04-05,SCH0390,0,1,1,0,1,DEV CHAR,NEEDS REPAIR
INSP00896,2025-06-22,SCH0132,1,1,1,1,0,ADVAITH GREWAL,NEEDS REPAIR
INSP00497,2025-12-22,SCH0510,0,1,1,1,0,,NEEDS REPAIR
INSP02306,2025-12-17,SCH0100,1,1,0,0,0,MASON LAL,AVERAGE
INSP01783,2025-05-20,SCH0474,1,1,0,1,0,BISHAKHA NARAIN,NO REMARKS
INSP00336,2025-08-24,SCH0132,1,1,1,0,0,DAYITA SIBAL,TOILETS LOCKED
INSP00516,2025-05-10,SCH0197,1,1,1,1,0,NIMRAT CHADA,NO REMARKS
INSP01349,2025-06-30,SCH0249,1,0,1,0,0,ABHIRAM RADHAKRISHNAN,NO REMARKS
INSP01016,2025-07-20,SCH0029,1,1,1,1,0,JOSHUA BALI,GOOD CONDITION
INSP02951,2025-05-04,SCH0061,1,1,0,0,0,ABHIMANYU SRIVASTAVA,GOOD CONDITION
INSP01262,2025-07-22,SCH0195,1,1,0,1,1,JOSHUA SASTRY,TOILETS LOCKED
INSP01782,2025-10-04,SCH0100,1,1,1,1,1,SIDDHARTH SARIN,NO REMARKS
INSP02570,2026-03-22,SCH0028,1,0,1,0,1,KALPIT BAVA,NEEDS REPAIR
INSP01786,2025-11-27,SCH0166,1,,1,1,1,PAHAL VENKATARAMAN,AVERAGE
INSP02071,2025-10-30,SCH0396,1,1,1,1,1,VRINDA PARMAR,TOILETS LOCKED
INSP00357,2025-05-16,SCH0010,1,1,1,0,0,YASHVI BHAT,NO REMARKS
INSP02995,2025-06-21,SCH0598,1,1,1,1,0,ZILMIL CONTRACTOR,NO REMARKS
INSP01313,2025-09-24,SCH0600,,0,1,1,0,WILLIAM PALL,TOILETS LOCKED
INSP01636,2026-02-27,SCH0187,,1,1,1,1,REVA VENKATESH,TOILETS LOCKED
INSP00551,2025-04-09,SCH0036,0,1,1,1,0,VINAYA SHUKLA,GOOD CONDITION
INSP02389,2025-07-06,SCH0273,1,0,1,1,1,WISHI BARAL,NO REMARKS
INSP02480,2025-12-18,SCH0055,1,1,1,0,0,KAMYA SWAMY,AVERAGE
INSP02522,2025-04-18,SCH0393,0,1,1,0,1,KEYA KARNIK,NO REMARKS
INSP02266,2025-12-21,SCH0089,1,1,1,1,1,,NO REMARKS
INSP01228,2025-11-05,SCH0142,0,0,1,0,1,,AVERAGE
INSP02818,2026-03-25,SCH0585,1,1,1,1,1,RAYAAN NORI,AVERAGE
INSP00958,2026-02-28,SCH0125,1,1,0,1,0,VEER ANDRA,GOOD CONDITION
INSP01774,2026-01-26,SCH0004,0,0,1,1,0,IRYA DEVAN,NO REMARKS
INSP02142,2025-05-25,SCH0089,1,1,1,0,0,GAURI SANGHA,NO REMARKS
INSP01009,2025-10-13,SCH0106,0,1,1,1,1,,NEEDS REPAIR
INSP01093,2026-02-27,SCH0073,1,1,1,1,1,,GOOD CONDITION
INSP02907,2025-09-07,SCH0288,1,0,,1,0,DOMINIC DUA,AVERAGE
INSP00997,2025-06-14,SCH0599,1,1,1,1,0,WRIDDHISH JAGGI,TOILETS LOCKED
INSP01680,2025-07-06,SCH0107,1,1,1,0,0,MOHINI CHOUDHURY,GOOD CONDITION
INSP00154,2025-01-06,SCH0260,,0,1,0,0,LADLI DORA,TOILETS LOCKED
INSP02925,2025-06-04,SCH0296,0,1,,1,0,AARAV CHAD,GOOD CONDITION
INSP00581,2025-10-31,SCH0326,0,1,1,1,1,PATRICK RAMAKRISHNAN,TOILETS LOCKED
INSP01471,2025-04-13,SCH0539,1,1,1,1,1,DAYAMAI SWAMY,GOOD CONDITION
INSP00704,2025-08-29,SCH0056,0,1,1,0,0,AKSHAY CHOUDHRY,NEEDS REPAIR
INSP01213,2025-07-13,SCH0464,1,1,1,,1,JHALAK CHAWLA,NEEDS REPAIR
INSP00897,2026-01-27,SCH0202,1,1,1,1,0,,NO REMARKS
INSP00488,2025-07-28,SCH0254,1,1,1,0,1,,TOILETS LOCKED
INSP00560,2025-04-05,SCH0005,0,1,1,1,0,ATHARV KRISH,TOILETS LOCKED
INSP01142,2025-01-08,SCH0523,1,1,1,1,1,SAMESH KORPAL,GOOD CONDITION
INSP01120,2025-11-30,SCH0371,1,1,1,0,0,EESHA SARKAR,NEEDS REPAIR
INSP00513,2025-05-30,SCH0317,1,1,1,0,,FAQID MITTAL,NO REMARKS
INSP00634,2025-05-23,SCH0551,1,,1,0,,RUSHIL DATTA,TOILETS LOCKED
INSP02717,2025-05-11,SCH0132,1,0,1,0,1,JAGRATI SARNA,AVERAGE
INSP01665,2025-12-05,SCH0010,1,1,1,1,1,OWEN LALL,NEEDS REPAIR
INSP01013,2025-09-15,SCH0091,,1,1,0,0,CHAKRIKA GOLE,GOOD CONDITION
INSP01932,2025-11-23,SCH0076,1,1,1,1,1,AMRUTA SANKAR,AVERAGE
INSP01151,2026-01-17,SCH0539,1,1,1,1,,ZANSI SARIN,TOILETS LOCKED
INSP02948,2025-03-09,SCH0021,0,1,1,0,,ISAIAH BAVA,TOILETS LOCKED
INSP00117,2026-02-19,SCH0532,0,1,,0,0,VRITTI BAHRI,NEEDS REPAIR
INSP00741,2025-06-29,SCH0568,1,1,1,0,1,ZINAL MAJUMDAR,TOILETS LOCKED
INSP02904,2025-04-21,SCH0451,1,1,1,0,1,CALEB SHA,TOILETS LOCKED
INSP01975,2025-10-01,SCH0497,1,1,1,0,0,ADVIK DE,AVERAGE
INSP01082,2025-11-27,SCH0108,1,1,0,1,1,GEORGE BANDI,NEEDS REPAIR
INSP01811,2026-01-30,SCH0260,0,1,0,0,1,ELIJAH KAPOOR,NO REMARKS
INSP00831,2025-06-23,SCH0206,,1,1,1,0,ZAID GOUR,NO REMARKS
INSP00120,2025-06-23,SCH0416,1,1,,0,1,TRIVENI KARA,GOOD CONDITION
INSP00657,2026-02-21,SCH0022,1,0,1,1,1,PARTH DEWAN,AVERAGE
INSP02873,2026-01-12,SCH0360,1,1,1,0,0,ANAY BOASE,GOOD CONDITION
INSP02830,2026-07-02,SCH0494,0,0,1,0,1,VIDHI MADAN,AVERAGE
INSP02333,2026-01-25,SCH0590,1,1,,0,1,YUVRAJ BUTALA,NO REMARKS
INSP00636,2026-01-20,SCH0086,1,,1,,0,ADWETA JAGGI,GOOD CONDITION
INSP00370,2025-09-18,SCH0403,0,0,1,0,1,VASATIKA RANA,AVERAGE
INSP00269,2025-08-23,SCH0481,1,1,1,1,0,ZASHIL ROUT,TOILETS LOCKED
INSP02704,2025-04-06,SCH0466,1,1,1,1,,MANTHAN PERI,NO REMARKS
INSP00047,2025-10-07,SCH0354,0,1,1,0,0,VRITTI MORE,GOOD CONDITION
INSP00992,2025-07-18,SCH0593,1,0,1,1,1,VASANA SHANKER,NO REMARKS
INSP00877,2025-04-05,SCH0114,1,,1,0,0,NIRJA MUTTI,TOILETS LOCKED
INSP00774,2025-10-05,SCH0077,1,,1,0,1,CHAAYA BOSE,NEEDS REPAIR
INSP01220,2026-03-15,SCH0068,1,1,1,0,1,FIYAZ BRAR,AVERAGE
INSP01127,2026-01-26,SCH0283,0,0,1,0,1,,GOOD CONDITION
INSP00005,2025-06-17,SCH0123,1,1,1,,0,DARPAN DANI,AVERAGE
INSP01596,2026-01-28,SCH0199,1,1,,1,0,TANMAYI TOOR,NEEDS REPAIR
INSP02312,2025-07-31,SCH0431,1,1,1,0,1,TANVI DASS,NO REMARKS
INSP00901,2025-10-12,SCH0096,1,1,0,1,1,NEEL ROY,NO REMARKS
INSP02492,2025-07-06,SCH0495,0,1,0,0,0,QUINCY GOEL,AVERAGE
INSP01078,2025-12-10,SCH0135,1,1,,0,1,,AVERAGE
INSP00838,2025-03-11,SCH0233,0,1,0,1,0,EESHA BOASE,AVERAGE
INSP00682,2025-06-22,SCH0445,1,1,1,0,1,SAMUEL BASSI,NEEDS REPAIR
INSP01716,2025-04-24,SCH0429,1,1,1,1,1,URISHILLA CHANDRAN,AVERAGE
INSP02353,2025-10-05,SCH0329,1,1,1,1,0,AMRITA WALLA,AVERAGE
INSP02618,2025-12-14,SCH0063,0,1,0,1,1,VEDANT SANDHU,GOOD CONDITION
INSP02362,2025-08-11,SCH0366,1,1,1,1,0,HARSHIL TELLA,AVERAGE
INSP02198,2026-01-22,SCH0586,1,1,1,0,0,TARAK PALLA,NO REMARKS
INSP01149,2025-10-16,SCH0501,,1,1,1,1,YACHANA NAGY,GOOD CONDITION
INSP00575,2025-03-08,SCH0077,1,1,0,,1,TANAY MISRA,NO REMARKS
INSP00051,2025-11-01,SCH0243,1,1,1,1,0,NOAH BEHL,AVERAGE
INSP00854,2026-01-12,SCH0525,1,1,1,1,0,VARENYA RAGHAVAN,AVERAGE
INSP01983,2025-10-15,SCH0101,0,,1,1,1,GANGA BOASE,NEEDS REPAIR
INSP01824,2025-03-05,SCH0203,1,1,1,1,0,VIVAAN RAGHAVAN,NEEDS REPAIR
INSP00834,2026-02-23,SCH0566,0,1,1,0,1,,NEEDS REPAIR
INSP01116,2025-09-27,SCH0090,1,1,1,1,0,ADVIKA MITRA,NO REMARKS
INSP01167,2025-10-08,SCH0305,1,1,,1,0,NEHA SINGHAL,GOOD CONDITION
INSP02519,2025-03-04,SCH0379,1,1,1,1,1,,AVERAGE
INSP01907,2025-09-17,SCH0131,1,,1,0,0,ALKA NATT,NEEDS REPAIR
INSP00972,2025-09-29,SCH0581,,1,1,1,1,YASHICA CHAR,TOILETS LOCKED
INSP02702,2025-11-07,SCH0024,1,1,1,1,1,OWEN KORPAL,NEEDS REPAIR
INSP00400,2025-05-15,SCH0141,1,1,1,0,,SAUMYA SANGHA,AVERAGE
INSP02560,2025-08-24,SCH0570,0,1,1,1,0,,NEEDS REPAIR
INSP02369,2025-10-14,SCH0401,1,1,1,,1,ZAID MANN,TOILETS LOCKED
INSP00020,2025-05-04,SCH0025,1,1,0,1,1,KASHVI SATHE,NO REMARKS
INSP00685,2026-07-03,SCH0389,1,0,1,1,0,SHRAVYA SAMI,GOOD CONDITION
INSP00036,2025-12-24,SCH0125,0,1,1,1,1,DEV DESHMUKH,GOOD CONDITION
INSP02972,2025-11-22,SCH0321,,1,1,,,,NO REMARKS
INSP00525,2025-02-06,SCH0203,1,1,1,0,0,CHATURA SUR,NEEDS REPAIR
INSP02456,2026-03-14,SCH0051,1,1,1,1,1,NICHOLAS SACHAR,NO REMARKS
INSP00921,2025-09-23,SCH0037,1,1,1,0,1,ANTHONY SANGHA,NO REMARKS
INSP01842,2026-03-12,SCH0371,1,1,1,1,0,FORUM DUGAR,GOOD CONDITION
INSP01891,2026-11-01,SCH0184,,1,1,1,1,OM CHAUDHURI,NO REMARKS
INSP00538,2026-03-18,SCH0343,1,1,0,0,1,RUSHIL RAJAGOPAL,GOOD CONDITION
INSP01706,2025-10-06,SCH0593,0,0,1,1,1,NIRJA DUGAR,NO REMARKS
INSP00696,2025-06-27,SCH0441,0,1,1,1,1,KRISHNA KALE,AVERAGE
INSP00246,2026-03-10,SCH0196,1,0,1,1,1,GEORGE KADAKIA,NO REMARKS
INSP00785,2026-03-02,SCH0276,1,1,1,1,0,EKALINGA CHAUHAN,TOILETS LOCKED
INSP01410,2025-09-19,SCH0076,1,1,1,0,0,XITI NAIK,AVERAGE
INSP02538,2025-08-04,SCH0308,1,1,1,1,1,YASTI DHAWAN,GOOD CONDITION
INSP00155,2025-12-05,SCH0096,1,1,1,0,,VINCENT TOOR,NO REMARKS
INSP01687,2025-06-18,SCH0444,0,1,0,1,0,LAJITA SANDAL,GOOD CONDITION
INSP00626,2025-09-09,SCH0456,1,0,1,1,1,JHALAK KIBE,TOILETS LOCKED
INSP02734,2025-11-14,SCH0320,1,1,,0,,THEODORE SARKAR,NO REMARKS
INSP02547,2025-09-25,SCH0331,1,1,1,0,0,ANJALI HANDA,TOILETS LOCKED
INSP01347,2025-09-29,SCH0505,1,1,1,0,1,JACK DUTT,NEEDS REPAIR
INSP00570,2026-03-13,SCH0043,1,0,1,1,,YADAVI KRISHNAMURTHY,AVERAGE
INSP02725,2026-03-23,SCH0281,1,1,1,1,1,,NEEDS REPAIR
INSP01759,2025-10-05,SCH0416,0,1,1,1,1,,GOOD CONDITION
INSP01817,2025-06-23,SCH0368,1,1,1,1,0,DAKSH NARASIMHAN,TOILETS LOCKED
INSP02066,2025-10-16,SCH0151,0,0,1,0,1,TRIYA BEDI,GOOD CONDITION
INSP00128,2025-05-27,SCH0312,1,0,1,0,1,YASHASVI MANDA,AVERAGE
INSP01992,2025-09-06,SCH0382,1,1,1,1,0,INDALI GANDHI,NO REMARKS
INSP02007,2025-12-20,SCH0217,1,1,1,,1,DARIKA ATWAL,TOILETS LOCKED
INSP00981,2026-01-26,SCH0476,1,1,1,1,1,,GOOD CONDITION
INSP01771,2025-08-11,SCH0085,1,,,1,0,AZAAN RAMANATHAN,TOILETS LOCKED
INSP00191,2026-03-09,SCH0213,1,1,1,,0,MAANAV PAI,TOILETS LOCKED
INSP01140,2025-07-08,SCH0159,0,1,1,1,,THEODORE KRISHNAN,NEEDS REPAIR
INSP00993,2025-10-29,SCH0165,0,0,1,0,0,RIA SANDHU,NO REMARKS
INSP00700,2026-08-01,SCH0596,1,1,1,1,1,HIRAL ISSAC,GOOD CONDITION
INSP00607,2025-06-07,SCH0321,1,1,1,0,0,CHANDRAN BALAY,GOOD CONDITION
INSP00181,2025-05-02,SCH0560,1,1,1,1,0,CHAMELI KADAKIA,NO REMARKS
INSP00302,2025-12-24,SCH0187,0,1,1,0,1,GIRIK KUMER,TOILETS LOCKED
INSP02545,2025-09-11,SCH0290,0,1,1,1,0,,NO REMARKS
INSP02918,2026-07-01,SCH0132,1,1,1,,1,OMKAAR MODY,TOILETS LOCKED
INSP01061,2026-01-21,SCH0078,1,1,1,1,0,VYANJANA GERA,AVERAGE
INSP02962,2025-07-13,SCH0082,1,1,0,1,0,,NO REMARKS
INSP00290,2025-12-28,SCH0416,,1,,1,1,WARJAS VALA,NO REMARKS
INSP02566,2025-10-27,SCH0535,1,1,0,1,1,SAI RATTI,TOILETS LOCKED
INSP01070,2025-05-19,SCH0265,0,1,0,1,1,HEMAL PADMANABHAN,NO REMARKS
INSP02525,2026-10-02,SCH0124,1,1,1,0,0,,NEEDS REPAIR
INSP02206,2025-07-08,SCH0541,0,0,1,0,1,AMRUTA SANKARAN,TOILETS LOCKED
INSP01244,2026-03-16,SCH0382,0,1,1,1,,JANANI ARORA,GOOD CONDITION
INSP00017,2025-07-13,SCH0453,1,1,1,,1,AADHYA BAJWA,NO REMARKS
INSP00928,2026-07-03,SCH0085,0,1,1,,1,YASHODA HALDER,NO REMARKS
INSP00547,2025-12-06,SCH0279,,1,1,1,1,GAGAN SHANKAR,GOOD CONDITION
INSP00659,2026-04-01,SCH0286,0,1,1,0,1,,GOOD CONDITION
INSP02844,2026-02-26,SCH0022,0,1,1,0,0,JAIRAJ BORA,AVERAGE
INSP02876,2025-09-04,SCH0195,1,,,1,0,QUSHI BAL,NO REMARKS
INSP01505,2025-05-09,SCH0430,1,1,1,1,1,ZAYAN BHAVSAR,NO REMARKS
INSP00960,2025-07-14,SCH0185,1,1,1,0,,TEERTH GOLE,NEEDS REPAIR
INSP02332,2025-12-24,SCH0287,1,1,1,0,1,,NO REMARKS
INSP00798,2026-01-14,SCH0593,1,1,1,0,1,HARINAKSHI MODI,TOILETS LOCKED
INSP00226,2025-08-08,SCH0064,1,0,0,1,0,,TOILETS LOCKED
INSP02075,2025-04-16,SCH0567,0,1,1,0,0,,GOOD CONDITION
INSP01800,2025-08-13,SCH0404,1,1,1,1,1,LAVANYA VARTY,NO REMARKS
INSP02486,2025-08-20,SCH0425,1,0,1,0,0,AYAAN SABHARWAL,AVERAGE
INSP01642,2025-11-26,SCH0239,1,1,1,,1,VASUDHA JAYARAMAN,AVERAGE
INSP02278,2025-12-22,SCH0502,,1,1,1,0,,NEEDS REPAIR
INSP02086,2025-11-10,SCH0161,1,1,1,1,0,FARIQ SEKHON,AVERAGE
INSP01694,2026-03-02,SCH0220,0,0,1,,0,EKANSH NAIK,GOOD CONDITION
INSP02798,2025-09-12,SCH0037,1,1,1,1,0,SAMAKSH MUNSHI,NO REMARKS
INSP01046,2026-03-04,SCH0052,1,1,0,1,0,KALPIT GANDHI,AVERAGE
INSP00470,2025-05-08,SCH0462,1,1,0,1,0,ALKA SULE,GOOD CONDITION
INSP00955,2025-12-12,SCH0116,0,1,1,0,1,ATI BEHL,NO REMARKS
INSP02175,2025-11-01,SCH0020,1,1,1,0,1,TRIYA SIBAL,NO REMARKS
INSP02736,2025-09-11,SCH0228,1,1,1,0,0,AVNI GREWAL,NO REMARKS
INSP00640,2025-10-17,SCH0424,1,1,1,1,0,QABIL BALASUBRAMANIAN,GOOD CONDITION
INSP02921,2025-10-26,SCH0287,1,0,,0,,GOPAL SIBAL,AVERAGE
INSP01219,2025-01-11,SCH0302,1,1,1,1,0,SACHI RAJU,TOILETS LOCKED
INSP01159,2026-02-16,SCH0338,1,,1,0,1,NAVEEN SABHARWAL,AVERAGE
INSP01416,2025-05-01,SCH0252,1,1,1,1,0,,NO REMARKS
INSP02853,2025-06-13,SCH0544,1,1,1,1,1,ZEHAAN MORE,TOILETS LOCKED
INSP01528,2025-11-22,SCH0047,0,1,1,1,1,MEGHA SAINI,NO REMARKS
INSP01196,2025-07-27,SCH0553,,1,0,0,1,GAURIKA NARASIMHAN,AVERAGE
INSP01301,2025-09-24,SCH0118,1,1,1,1,1,,NEEDS REPAIR
INSP02580,2025-07-01,SCH0546,1,,1,1,1,AYUSHMAN SAHOTA,NO REMARKS
INSP01604,2025-08-12,SCH0477,1,1,0,1,0,IKBAL GUHA,TOILETS LOCKED
INSP00161,2026-03-14,SCH0060,0,0,1,1,1,ADVAITH KAPUR,TOILETS LOCKED
INSP01705,2025-06-04,SCH0380,1,1,0,0,1,,NO REMARKS
INSP00957,2025-08-27,SCH0319,0,1,1,1,1,ISHA PATEL,NEEDS REPAIR
INSP01002,2025-10-27,SCH0208,1,1,1,1,,HARSH JANI,TOILETS LOCKED
INSP00878,2025-07-20,SCH0534,1,1,0,1,0,BHAVANI SODHI,NO REMARKS
INSP01920,2025-04-04,SCH0293,1,1,1,1,0,VEDA SINGH,AVERAGE
INSP01885,2026-12-03,SCH0199,0,1,1,,0,OM DEWAN,TOILETS LOCKED
INSP02201,2025-08-24,SCH0059,1,1,1,0,0,FREDERICK KOHLI,NO REMARKS
INSP00099,2026-03-06,SCH0123,1,1,1,1,0,CHANDRAN SAVANT,AVERAGE
INSP02970,2025-10-23,SCH0522,1,1,1,0,0,AMRUTA HARI,GOOD CONDITION
INSP02558,2025-10-21,SCH0111,,1,0,1,0,,TOILETS LOCKED
INSP00254,2025-02-09,SCH0406,1,1,1,1,0,JONATHAN PILLAI,NO REMARKS
INSP00104,2025-07-17,SCH0205,1,1,1,,1,ADVAITH BHAVSAR,NO REMARKS
INSP01446,2026-03-25,SCH0539,1,1,1,1,,HARSH MALL,GOOD CONDITION
INSP01444,2025-04-22,SCH0521,1,1,1,0,0,NAKUL SAXENA,NO REMARKS
INSP01649,2025-11-14,SCH0082,1,1,1,0,0,ANYA SANKARAN,TOILETS LOCKED
INSP00587,2025-05-05,SCH0268,1,1,1,1,0,JAGAT PATLA,GOOD CONDITION
INSP00628,2025-06-30,SCH0081,1,1,1,1,0,,AVERAGE
INSP01697,2025-07-27,SCH0449,1,1,0,1,1,ANSH ROUT,NO REMARKS
INSP02102,2026-03-03,SCH0422,1,1,1,0,0,AMRUTA PATEL,NEEDS REPAIR
INSP02200,2025-10-28,SCH0476,1,,1,1,1,NIDRA RADHAKRISHNAN,AVERAGE
INSP00404,2025-07-22,SCH0015,1,1,1,0,1,RAYAAN GILL,GOOD CONDITION
INSP01155,2025-10-03,SCH0458,1,1,0,0,0,AASHI BAJAJ,NO REMARKS
INSP02256,2025-05-23,SCH0597,1,,1,0,1,,NO REMARKS
INSP02864,2025-11-10,SCH0473,1,1,1,0,0,ZEHAAN KRISHNAN,TOILETS LOCKED
INSP01683,2026-02-20,SCH0152,,1,0,1,1,DANIEL BALAY,AVERAGE
INSP02057,2025-11-29,SCH0369,1,1,1,1,0,BALJIWAN SAXENA,GOOD CONDITION
INSP02987,2025-06-24,SCH0131,,1,1,0,1,KEVIN GADE,NEEDS REPAIR
INSP00453,2025-10-07,SCH0026,,1,1,1,0,BISHAKHA NAGAR,NO REMARKS
INSP02302,2026-02-15,SCH0536,1,0,1,1,1,AMARA MAHAL,NO REMARKS
INSP01328,2025-04-18,SCH0081,1,,1,0,0,DAYITA MENON,TOILETS LOCKED
INSP02050,2026-01-07,SCH0280,1,1,1,1,0,AASHI PRASHAD,TOILETS LOCKED
INSP00881,2025-05-17,SCH0184,1,1,0,1,0,NANDINI TELLA,AVERAGE
INSP00843,2026-02-10,SCH0229,0,,1,1,0,VAISHNAVI SALVI,NO REMARKS
INSP00624,2025-01-09,SCH0256,0,0,,0,1,DARSH DATTA,AVERAGE
INSP02394,2025-08-27,SCH0377,1,1,0,0,0,LABAN LUTHRA,NO REMARKS
INSP02914,2025-07-09,SCH0543,1,1,1,1,1,UNNI VARMA,NEEDS REPAIR
INSP01788,2025-11-12,SCH0495,0,1,1,1,1,KAI SANKAR,NO REMARKS
INSP00263,2025-10-18,SCH0444,,1,1,0,0,KEYA RANDHAWA,NEEDS REPAIR
INSP01635,2025-12-15,SCH0393,1,0,,1,0,VASUDHA VENKATESH,AVERAGE
INSP01439,2025-11-29,SCH0577,1,1,1,1,1,EKIYA NAYAK,NO REMARKS
INSP02199,2025-08-13,SCH0383,1,1,1,1,1,ORINDER DUTTA,AVERAGE
INSP01970,2025-08-08,SCH0164,,1,1,0,0,PAVANI GOLA,AVERAGE
INSP02521,2025-12-09,SCH0443,1,1,1,0,1,,GOOD CONDITION
INSP01803,2026-02-22,SCH0314,1,1,1,1,1,TRIVENI GOEL,NEEDS REPAIR
INSP00641,2025-07-04,SCH0079,1,1,1,,1,DEVIKA KUMAR,NO REMARKS
INSP02386,2025-12-31,SCH0357,1,0,1,1,0,,NO REMARKS
INSP02599,2026-02-20,SCH0191,,1,,1,0,,NO REMARKS
INSP02973,2026-03-03,SCH0028,1,1,1,1,0,FAQID PARMER,NEEDS REPAIR
INSP01960,2026-02-28,SCH0240,1,0,1,0,1,,GOOD CONDITION
INSP00489,2026-02-19,SCH0195,1,1,1,1,0,KAVYA GADE,GOOD CONDITION
INSP01844,2025-12-21,SCH0048,1,,1,,1,HARINAKSHI GOLE,AVERAGE
INSP01735,2025-06-19,SCH0107,1,1,1,1,1,ESHANA BHATIA,NEEDS REPAIR
INSP00147,2025-07-09,SCH0201,1,1,1,1,1,TEJAS HORA,AVERAGE
INSP01535,2025-09-06,SCH0247,1,1,1,0,,YUTIKA DUGAL,TOILETS LOCKED
INSP01987,2025-05-12,SCH0274,1,1,1,0,0,JAI SARKAR,NEEDS REPAIR
INSP01370,2026-01-31,SCH0165,0,0,1,1,1,MANAN RAVEL,NO REMARKS
INSP02451,2025-07-11,SCH0371,1,0,0,0,0,MAANAS PATLA,NO REMARKS
INSP01831,2025-12-10,SCH0181,,1,1,1,0,VRINDA COMAR,GOOD CONDITION
INSP02812,2025-11-14,SCH0371,0,,1,0,1,,NO REMARKS
INSP00660,2025-09-01,SCH0055,1,0,0,1,0,RANBIR MITRA,NO REMARKS
INSP01795,2025-04-23,SCH0197,1,1,0,1,1,JACOB GABA,GOOD CONDITION
INSP02512,2025-04-03,SCH0096,0,1,0,1,1,,AVERAGE
INSP00187,2025-10-22,SCH0527,1,1,1,1,1,GANGA MURTY,NO REMARKS
INSP01148,2025-09-06,SCH0363,1,1,1,1,1,DARIKA SARNA,GOOD CONDITION
INSP00609,2025-12-05,SCH0593,0,1,1,1,1,FALAK KAMDAR,NO REMARKS
INSP02192,2026-02-27,SCH0231,1,1,1,0,0,,NO REMARKS
INSP02800,2025-05-20,SCH0019,1,1,1,0,1,RAJATA SALVI,GOOD CONDITION
INSP01931,2025-07-23,SCH0045,,1,1,1,0,VEER NAIK,NO REMARKS
INSP00198,2025-12-27,SCH0403,1,0,1,1,1,GAURIKA KAUR,NEEDS REPAIR
INSP02328,2026-03-27,SCH0161,1,1,1,1,1,CHARVI PARMER,NEEDS REPAIR
INSP00294,2026-03-18,SCH0064,1,0,1,,0,MICHAEL BADAMI,NO REMARKS
INSP00767,2025-08-23,SCH0248,1,1,1,1,0,DEVANSH GANESH,AVERAGE
INSP00401,2025-07-14,SCH0040,1,1,0,1,1,GUNBIR SEKHON,AVERAGE
INSP00123,2025-09-11,SCH0312,1,1,1,,0,PAHAL PARMAR,NO REMARKS
INSP00203,2025-07-18,SCH0274,0,1,1,0,0,AADHYA SARNA,GOOD CONDITION
INSP00836,2026-02-13,SCH0504,1,1,1,1,0,BRINDA JOSHI,GOOD CONDITION
INSP02295,2025-09-05,SCH0446,0,1,1,,0,YOCHANA MAHAL,NO REMARKS
INSP01440,2025-11-12,SCH0352,0,1,1,1,1,DAMINI COMAR,GOOD CONDITION
INSP01734,2025-06-27,SCH0372,1,0,1,1,1,CHRISTOPHER SHARAF,NO REMARKS
INSP01696,2025-10-11,SCH0578,1,,,1,,PAVANI VYAS,TOILETS LOCKED
INSP02749,2025-10-18,SCH0209,1,,1,1,1,DEVANSH OAK,TOILETS LOCKED
INSP01708,2025-04-16,SCH0037,1,0,0,0,1,AMOL KEER,AVERAGE
INSP00773,2025-09-09,SCH0413,1,1,1,0,1,VIDHI KARPE,TOILETS LOCKED
INSP01154,2025-09-12,SCH0503,0,1,1,1,0,VINCENT MODI,TOILETS LOCKED
INSP01662,2025-09-13,SCH0219,0,0,1,1,1,UPMA MAMMEN,GOOD CONDITION
INSP02433,2025-08-15,SCH0237,0,1,1,1,1,HARINI DHAR,NO REMARKS
INSP01760,2025-02-09,SCH0413,1,1,1,1,,CHAAYA GARG,AVERAGE
INSP00855,2026-01-26,SCH0431,1,1,1,1,1,SANYA GANESAN,AVERAGE
INSP01590,2025-12-23,SCH0340,1,1,1,1,1,HARDIK MISTRY,GOOD CONDITION
INSP02268,2025-09-11,SCH0542,1,1,1,0,0,NITESH BHAVSAR,NO REMARKS
INSP00642,2025-07-11,SCH0387,1,1,1,1,1,KAMYA SAHOTA,AVERAGE
INSP00002,2026-02-26,SCH0529,1,1,0,0,1,CHARITA ROUT,TOILETS LOCKED
INSP02161,2025-04-21,SCH0299,1,0,0,1,0,ISHA RATTAN,GOOD CONDITION
INSP00699,2025-07-09,SCH0148,1,1,1,1,1,MITALI KAKAR,AVERAGE
INSP01637,2025-07-04,SCH0445,1,1,0,,0,CHANDANI BEDI,NO REMARKS
INSP01292,2026-03-14,SCH0203,,0,1,1,0,XAVIER BANERJEE,TOILETS LOCKED
INSP02999,2025-12-07,SCH0514,0,1,0,1,0,HARITA DEEP,NEEDS REPAIR
INSP02490,2025-10-06,SCH0527,1,1,0,1,0,YATIN NAYAK,NO REMARKS
INSP01521,2025-07-02,SCH0515,0,1,0,,0,DALAJA COMAR,NEEDS REPAIR
INSP01854,2026-01-31,SCH0201,1,1,0,1,1,YASTI SAVANT,TOILETS LOCKED
INSP01137,2025-11-05,SCH0358,1,1,1,1,1,,TOILETS LOCKED
INSP00394,2025-10-05,SCH0114,1,1,1,1,1,DHRUV JAIN,NEEDS REPAIR
INSP01632,2025-07-31,SCH0269,0,1,1,0,0,BAGHYAWATI DASH,NO REMARKS
INSP01999,2025-10-11,SCH0558,1,1,0,1,0,OSCAR BIR,NEEDS REPAIR
INSP00664,2025-09-10,SCH0235,1,0,1,1,0,,NO REMARKS
INSP00684,2025-08-24,SCH0586,1,1,1,1,1,EDHITHA PALLA,AVERAGE
INSP01258,2025-05-05,SCH0388,1,1,1,0,1,CHANDANI COMAR,NO REMARKS
INSP00318,2025-08-21,SCH0387,1,1,1,1,0,TRIVENI WALLA,NEEDS REPAIR
INSP00649,2025-12-10,SCH0223,1,1,1,1,,KAMALA PARIKH,NEEDS REPAIR
INSP01435,2025-05-05,SCH0545,1,1,1,1,,HARISH SHROFF,AVERAGE
INSP01480,2025-10-16,SCH0004,0,1,1,1,1,MEGHANA SAHOTA,NO REMARKS
INSP00710,2025-12-13,SCH0336,1,1,1,1,1,CHANAKYA NAYAK,GOOD CONDITION
INSP01283,2025-07-12,SCH0021,0,1,0,1,0,,GOOD CONDITION
INSP01769,2025-07-13,SCH0186,1,1,1,0,,YAUVANI GULATI,NEEDS REPAIR
INSP00973,2026-03-22,SCH0534,0,1,1,1,1,DIPTA LAD,TOILETS LOCKED
INSP02676,2025-05-11,SCH0385,1,0,0,,,THOMAS MUNSHI,GOOD CONDITION
INSP02681,2025-10-19,SCH0557,1,1,1,1,,QASIM DUGAR,GOOD CONDITION
INSP01307,2025-10-12,SCH0534,0,1,0,1,,GAURI CHAUDHARI,TOILETS LOCKED
INSP01401,2025-06-18,SCH0519,1,0,1,0,1,LIAM SANDHU,AVERAGE
INSP01409,2025-08-07,SCH0110,1,1,1,1,1,PAHAL PILLAY,AVERAGE
INSP02238,2025-07-12,SCH0140,1,1,1,1,0,KAMYA TRIPATHI,TOILETS LOCKED
INSP01497,2025-07-31,SCH0535,0,,1,0,1,CHAAYA LALLA,AVERAGE
INSP02039,2025-12-27,SCH0024,1,1,0,1,1,LUKE MANN,GOOD CONDITION
INSP01530,2025-06-05,SCH0182,0,1,0,1,1,JANYA SWAMINATHAN,NO REMARKS
INSP01664,2025-11-30,SCH0076,0,1,1,0,1,,GOOD CONDITION
INSP01355,2026-02-28,SCH0254,,1,0,1,,ABHIMANYU GERA,GOOD CONDITION
INSP01583,2025-12-01,SCH0590,1,0,1,0,0,GUNEET PAI,AVERAGE
INSP00322,2025-08-25,SCH0408,1,0,1,0,1,HARRISON SHARAF,TOILETS LOCKED
INSP01644,2026-08-01,SCH0229,1,1,1,1,0,EKAPAD BUTALA,AVERAGE
INSP01052,2025-02-08,SCH0263,1,1,1,0,,AVI BORRA,GOOD CONDITION
INSP00796,2026-03-25,SCH0552,1,1,1,,1,HARITA PRABHU,GOOD CONDITION
INSP02694,2026-02-19,SCH0590,1,0,1,1,0,,NEEDS REPAIR
INSP01598,2025-05-01,SCH0028,1,1,,1,1,TANVEER DOCTOR,GOOD CONDITION
INSP02605,2025-08-31,SCH0052,0,1,0,1,0,ZASHIL KHURANA,TOILETS LOCKED
INSP02730,2026-03-17,SCH0524,0,1,0,1,0,ISHANVI GOKHALE,NO REMARKS
INSP02626,2025-06-18,SCH0050,1,1,0,0,0,,NO REMARKS
INSP01820,2025-07-01,SCH0195,1,0,0,0,0,EKIYA GOLLA,GOOD CONDITION
INSP01723,2026-02-02,SCH0304,0,1,0,0,0,ADVIKA BABU,NO REMARKS
INSP01184,2025-04-08,SCH0073,1,1,1,1,1,AARNAV KARAN,NO REMARKS
INSP02573,2025-10-15,SCH0264,1,1,1,1,0,NETRA MAHAL,AVERAGE
INSP01060,2026-02-15,SCH0598,1,1,0,1,1,URVASHI MITTER,AVERAGE
INSP00541,2025-07-25,SCH0485,1,1,1,1,1,VASANA HEGDE,NO REMARKS
INSP01679,2025-08-10,SCH0325,1,0,1,1,0,MITALI DESHMUKH,TOILETS LOCKED
INSP02797,2025-06-13,SCH0594,1,1,1,,,VINAYA OOMMEN,NO REMARKS
INSP00747,2025-11-27,SCH0027,1,1,1,1,1,DARSH RAJA,NO REMARKS
INSP02533,2025-12-28,SCH0182,1,1,1,1,1,EKANTA BHANDARI,NO REMARKS
INSP01758,2025-07-27,SCH0427,1,1,1,1,1,ANJALI SANI,NO REMARKS
INSP01924,2025-10-12,SCH0438,1,1,1,1,0,RAYAAN LALA,NO REMARKS
INSP00096,2025-06-13,SCH0244,1,1,1,0,0,VRINDA KARNIK,NO REMARKS
INSP01021,2025-06-01,SCH0103,1,1,1,0,1,YOSHITA BORAH,NO REMARKS
INSP00564,2026-03-12,SCH0182,0,1,0,,0,JONATHAN KANDA,TOILETS LOCKED
INSP02791,2025-07-02,SCH0056,1,,,0,1,MAX AGATE,AVERAGE
INSP00864,2025-05-26,SCH0212,1,1,0,1,,ZASHIL SRIVASTAVA,NO REMARKS
INSP01485,2025-09-07,SCH0107,1,1,0,1,0,,NO REMARKS
INSP02940,2025-08-02,SCH0356,0,0,1,1,1,FALGUNI GANESAN,NO REMARKS
INSP01882,2026-03-23,SCH0223,,1,0,1,0,CHATRESH MUNI,TOILETS LOCKED
INSP01039,2026-01-26,SCH0254,1,0,1,1,0,,TOILETS LOCKED
INSP00207,2025-06-10,SCH0297,1,1,1,1,1,QADIM TANEJA,NO REMARKS
INSP00393,2025-12-30,SCH0098,1,,1,1,,ABDUL MITTER,NEEDS REPAIR
INSP02843,2025-04-21,SCH0269,0,1,1,1,1,CHAAYA PALL,NO REMARKS
INSP00871,2025-10-26,SCH0510,1,0,,0,0,UPADHRITI DHAR,AVERAGE
INSP00398,2025-11-14,SCH0292,1,0,1,0,1,EKANSH MAGAR,NO REMARKS
INSP02815,2025-05-15,SCH0173,0,0,1,0,1,AZAAN PINGLE,TOILETS LOCKED
INSP02896,2025-09-06,SCH0075,,0,0,,1,PRANEEL DEO,NO REMARKS
INSP01029,2025-05-10,SCH0282,1,0,0,1,1,MITALI SANE,NEEDS REPAIR
INSP02691,2026-01-16,SCH0084,1,1,1,1,1,KRISHNA MUKHOPADHYAY,NO REMARKS
INSP01486,2026-01-19,SCH0210,1,0,1,,1,CALEB SHA,NEEDS REPAIR
INSP02661,2025-09-06,SCH0555,1,1,1,0,1,NETRA TIWARI,NEEDS REPAIR
INSP00961,2025-04-23,SCH0355,1,1,1,0,,AADI KURUVILLA,TOILETS LOCKED
INSP01571,2026-02-15,SCH0236,1,1,1,0,0,DAMINI IYENGAR,NEEDS REPAIR
INSP02774,2026-03-02,SCH0534,1,0,0,1,1,,GOOD CONDITION
INSP01896,2025-07-22,SCH0507,1,1,1,0,1,NAVEEN NARAIN,NEEDS REPAIR
INSP02732,2026-03-17,SCH0156,,0,1,1,1,DAYAMAI GOYAL,GOOD CONDITION
INSP02147,2025-05-11,SCH0367,1,1,1,1,0,AYUSHMAN DIXIT,NO REMARKS
INSP00805,2025-11-25,SCH0174,0,1,1,1,1,,NEEDS REPAIR
INSP01752,2026-01-31,SCH0229,,1,,1,0,ABHA THAKUR,NO REMARKS
INSP02455,2025-10-27,SCH0439,1,1,1,1,0,,NEEDS REPAIR
INSP00503,2026-03-21,SCH0389,0,1,1,0,0,KRISHNA DAVE,TOILETS LOCKED
INSP02978,2026-01-29,SCH0039,,1,1,0,,KAMYA GOSWAMI,NEEDS REPAIR
INSP00780,2025-06-06,SCH0295,1,0,1,,1,BALVEER SANI,TOILETS LOCKED
INSP01864,2025-05-16,SCH0221,0,1,1,0,0,ADITYA GANGULY,NO REMARKS
INSP00201,2025-05-17,SCH0024,1,1,1,0,0,,GOOD CONDITION
INSP02183,2025-05-20,SCH0267,1,1,,1,1,NIHARIKA DE,AVERAGE
INSP02089,2026-02-19,SCH0557,,1,0,0,0,EESHA MINHAS,NO REMARKS
INSP02279,2025-07-18,SCH0443,1,1,1,1,,JONATHAN BAVA,NO REMARKS
INSP01797,2025-08-19,SCH0267,1,1,1,,1,ANTHONY MANI,GOOD CONDITION
INSP00379,2025-09-17,SCH0024,1,0,1,,0,AARINI NAGY,GOOD CONDITION
INSP02337,2025-08-01,SCH0355,1,,1,0,1,CHATRESH DATTA,NO REMARKS
INSP00419,2025-07-07,SCH0522,1,1,0,1,1,TANVEER VALA,GOOD CONDITION
INSP01699,2025-07-28,SCH0012,0,1,0,1,0,,NO REMARKS
INSP00392,2025-09-25,SCH0403,1,1,1,,1,ORINDER NANDA,NEEDS REPAIR
INSP02641,2026-07-03,SCH0233,0,1,0,0,1,BAGHYAWATI JOHAL,TOILETS LOCKED
INSP01523,2025-10-06,SCH0463,0,1,0,1,0,FRADO CHANDRAN,NEEDS REPAIR
INSP01163,2025-10-12,SCH0377,1,1,1,0,0,XITI CHANDRA,NEEDS REPAIR
INSP01496,2025-04-20,SCH0300,1,1,1,,0,UMANG RAMAN,NO REMARKS
INSP02696,2025-11-14,SCH0159,1,1,1,0,0,SAUMYA BUCH,AVERAGE
INSP02028,2025-09-03,SCH0104,1,1,1,1,1,FALAK PATIL,NO REMARKS
INSP01153,2025-10-21,SCH0049,1,1,1,1,1,BIMALA HAYER,AVERAGE
INSP01368,2025-05-12,SCH0132,1,,1,0,0,RADHA TARA,GOOD CONDITION
INSP02569,2026-03-25,SCH0148,0,0,1,0,1,WARINDER CHATTERJEE,NO REMARKS
INSP00065,2025-11-26,SCH0368,1,1,1,1,,AARNA KALA,NO REMARKS
INSP02063,2026-02-06,SCH0136,0,1,1,1,1,BRIJESH SULE,NEEDS REPAIR
INSP01181,2025-09-26,SCH0285,0,1,0,0,0,WAIDA SHAN,TOILETS LOCKED
INSP00493,2026-05-03,SCH0472,1,1,0,1,,DAKSH THAKER,NEEDS REPAIR
INSP00380,2026-01-22,SCH0578,1,1,1,1,1,,TOILETS LOCKED
INSP02236,2026-01-21,SCH0526,1,1,1,0,0,DAMYANTI PANT,NO REMARKS
INSP00764,2025-04-09,SCH0222,0,1,1,1,1,GIRIK SETHI,NO REMARKS
INSP02265,2026-02-06,SCH0420,1,1,1,1,1,MEKHALA PINGLE,NO REMARKS
INSP00792,2025-12-22,SCH0419,1,1,1,1,1,GIRISH BARAD,AVERAGE
INSP01077,2026-02-13,SCH0302,1,1,1,1,1,JATIN SARMA,TOILETS LOCKED
INSP00879,2025-11-11,SCH0588,1,1,1,0,0,YASHODHARA CHAUDHURI,GOOD CONDITION
INSP00338,2026-03-13,SCH0512,1,,1,1,1,HREDHAAN BUMB,GOOD CONDITION
INSP02768,2026-12-01,SCH0095,1,1,1,1,0,ALKA SRINIVASAN,NO REMARKS
INSP02344,2026-01-03,SCH0343,1,1,1,1,0,NATHANIEL KATA,TOILETS LOCKED
INSP01017,2025-04-06,SCH0331,0,0,1,1,0,KALA WASON,GOOD CONDITION
INSP01276,2025-06-14,SCH0343,1,1,0,0,0,,GOOD CONDITION
INSP00456,2025-04-10,SCH0302,1,1,1,1,1,AAHANA CONTRACTOR,GOOD CONDITION
INSP00816,2025-06-25,SCH0492,1,1,1,0,0,AMOL BRAHMBHATT,AVERAGE
INSP02318,2026-03-08,SCH0523,1,1,,1,0,BRIJESH PAI,AVERAGE
INSP00996,2025-06-23,SCH0389,0,1,0,,1,SATHVIK PILLAI,NEEDS REPAIR
INSP01982,2025-08-24,SCH0100,1,1,1,0,1,AVI RATTA,NO REMARKS
INSP00202,2025-05-27,SCH0045,0,1,1,0,1,UPADHRITI BANDI,AVERAGE
INSP00162,2025-07-11,SCH0395,1,1,,1,0,ANMOL NAGY,NO REMARKS
INSP01580,2025-11-04,SCH0043,1,1,0,0,0,,NEEDS REPAIR
INSP02778,2025-12-05,SCH0574,1,1,1,1,0,ADWETA DEEP,TOILETS LOCKED
INSP02450,2025-10-16,SCH0375,1,1,1,1,0,,NO REMARKS
INSP00703,2025-08-31,SCH0463,1,1,1,1,,INDALI MANN,GOOD CONDITION
INSP01501,2025-05-02,SCH0596,1,1,1,,1,EKAJA CHHABRA,NO REMARKS
INSP01130,2025-12-28,SCH0411,0,1,1,0,0,OMKAAR BORA,TOILETS LOCKED
INSP02614,2025-07-08,SCH0263,1,1,,1,1,CHARLES BARAD,NO REMARKS
INSP01022,2026-04-01,SCH0261,1,0,1,1,0,YASHAWINI MANI,NEEDS REPAIR
INSP01922,2025-06-02,SCH0228,1,1,1,1,1,,NEEDS REPAIR
INSP01586,2025-05-04,SCH0182,,1,1,1,0,RUDRA PURI,TOILETS LOCKED
INSP01956,2025-07-15,SCH0409,0,1,1,1,0,WARHI PRASAD,GOOD CONDITION
INSP02254,2025-12-31,SCH0528,1,1,0,1,0,TRIYA OOMMEN,AVERAGE
INSP00035,2025-08-28,SCH0336,1,1,1,1,,WARHI GULATI,TOILETS LOCKED
INSP00776,2025-04-07,SCH0091,0,0,1,1,1,JATIN AHLUWALIA,NO REMARKS
INSP02557,2026-02-06,SCH0078,0,1,0,0,1,LAKSH KHATRI,NEEDS REPAIR
INSP01479,2025-01-12,SCH0245,0,1,1,1,1,EKALINGA BANERJEE,GOOD CONDITION
INSP00252,2025-04-10,SCH0111,1,1,1,1,0,MOHINI SONI,NO REMARKS
INSP01391,2025-03-06,SCH0083,0,1,0,0,1,RIYA PANDEY,AVERAGE
INSP02140,2025-05-15,SCH0450,1,1,0,1,1,DAVID BHARDWAJ,GOOD CONDITION
INSP01364,2025-02-08,SCH0391,1,1,1,1,1,KALPIT DIXIT,NEEDS REPAIR
INSP02946,2026-02-16,SCH0479,1,1,0,,1,ETHAN BALAY,NO REMARKS
INSP02613,2025-04-22,SCH0288,,0,1,0,0,,NO REMARKS
INSP02825,2025-05-18,SCH0563,1,1,1,0,,VIDHI BORAH,NO REMARKS
INSP02042,2025-08-23,SCH0255,0,0,1,1,1,OMYA KURIAN,TOILETS LOCKED
INSP00242,2025-05-23,SCH0160,1,1,,1,1,SAMAKSH KAUL,NEEDS REPAIR
INSP02062,2026-01-08,SCH0366,1,1,,1,1,PANINI MUKHOPADHYAY,NO REMARKS
INSP02364,2025-07-31,SCH0288,1,1,,,1,SAUMYA DYAL,NO REMARKS
INSP00601,2025-09-27,SCH0260,1,1,0,0,0,DOMINIC SEHGAL,NEEDS REPAIR
INSP02436,2025-11-11,SCH0229,1,0,0,1,0,INDIRA GANESAN,NO REMARKS
INSP01298,2025-07-11,SCH0410,0,0,1,,1,MITESH GOKHALE,TOILETS LOCKED
INSP02215,2026-01-03,SCH0108,0,1,1,,1,VRINDA SRINIVASAN,TOILETS LOCKED
INSP02889,2025-11-06,SCH0258,0,1,1,1,,VIRAJ DUA,AVERAGE
INSP02069,2026-03-27,SCH0164,,1,1,0,1,,NO REMARKS
INSP00647,2025-10-06,SCH0385,1,1,,0,0,AKSHAY SAHA,AVERAGE
INSP01529,2025-11-20,SCH0412,0,1,1,1,0,NIKITA PANDYA,NO REMARKS
INSP02880,2025-07-23,SCH0151,1,1,1,0,0,ANMOL SAXENA,TOILETS LOCKED
INSP01268,2025-05-31,SCH0550,1,1,0,1,1,ONI JAGGI,AVERAGE
INSP01900,2025-08-10,SCH0293,,0,1,1,0,PRIYA SANKAR,GOOD CONDITION
INSP00563,2025-08-30,SCH0221,0,0,1,0,0,LOHIT UPPAL,GOOD CONDITION
INSP02910,2025-09-06,SCH0070,1,1,0,1,1,KRISHA TAILOR,TOILETS LOCKED
INSP02735,2026-02-09,SCH0373,1,0,1,1,0,HARDIK RAY,NO REMARKS
INSP01118,2025-07-08,SCH0382,1,1,0,0,1,AISHANI KEER,NEEDS REPAIR
INSP00190,2025-12-17,SCH0053,1,0,1,0,0,RAYAAN HAYER,AVERAGE
INSP01807,2026-03-10,SCH0300,1,1,1,1,0,JHALAK GOPAL,NEEDS REPAIR
INSP00976,2025-04-02,SCH0068,1,1,1,1,0,UMANG DORA,NEEDS REPAIR
INSP02748,2025-09-04,SCH0562,1,1,1,0,1,BHAVIKA BALAKRISHNAN,NEEDS REPAIR
INSP02048,2026-03-03,SCH0142,1,1,,1,1,DHRUV SHANKER,NO REMARKS
INSP02559,2026-02-23,SCH0007,0,1,1,1,1,PATRICK TAK,NO REMARKS
INSP01083,2025-12-16,SCH0139,1,1,0,,0,INAYA REDDY,TOILETS LOCKED
INSP00475,2025-05-01,SCH0196,0,1,1,0,0,YOSHITA PARMER,AVERAGE
INSP02905,2025-10-11,SCH0086,1,1,1,1,0,AVI KEER,NO REMARKS
INSP00748,2025-04-16,SCH0141,1,1,1,0,1,,NEEDS REPAIR
INSP02301,2025-08-20,SCH0509,0,1,1,1,1,,GOOD CONDITION
INSP00022,2026-02-20,SCH0268,1,1,1,1,0,AARINI BARAL,GOOD CONDITION
INSP00460,2025-06-15,SCH0398,1,1,1,0,0,CHARITA AGATE,NO REMARKS
INSP01185,2026-02-26,SCH0279,,1,1,,,EKTA KAMDAR,AVERAGE
INSP02325,2025-09-01,SCH0008,1,1,,1,0,QUSHI LOYAL,AVERAGE
INSP00956,2025-06-03,SCH0367,0,1,1,0,0,GAURI BALI,TOILETS LOCKED
INSP01216,2025-08-13,SCH0040,0,1,1,1,1,KALPIT VARKEY,NEEDS REPAIR
INSP02434,2025-05-10,SCH0105,0,1,1,,0,PAHAL SHUKLA,TOILETS LOCKED
INSP02854,2025-09-09,SCH0217,1,1,1,0,1,TEJAS AURORA,NEEDS REPAIR
INSP01516,2025-05-27,SCH0504,0,1,1,1,1,DHRUV CHANDER,TOILETS LOCKED
INSP02392,2026-01-07,SCH0224,1,1,1,0,1,GAYATHRI PANCHAL,AVERAGE
INSP00770,2025-05-12,SCH0349,,,1,0,0,UNNATI RAM,TOILETS LOCKED
INSP01686,2025-08-24,SCH0452,1,1,1,1,0,,AVERAGE
INSP00131,2025-12-08,SCH0169,1,1,1,1,0,KALA DUBEY,AVERAGE
INSP02920,2026-01-31,SCH0315,1,1,1,0,1,LAKSHMI MANGAL,TOILETS LOCKED
INSP02136,2026-01-22,SCH0114,0,1,1,1,1,CHAITALY BHASIN,NO REMARKS
INSP01483,2025-07-24,SCH0354,1,1,1,1,1,YASHODA SEHGAL,GOOD CONDITION
INSP00331,2025-12-04,SCH0420,1,1,1,1,1,BALHAAR CHATTERJEE,AVERAGE
INSP01239,2025-07-22,SCH0174,1,,1,1,0,QARIN MUKHOPADHYAY,NEEDS REPAIR
INSP00467,2025-05-05,SCH0438,1,1,1,1,1,LEELA BUMB,AVERAGE
INSP02170,2025-05-16,SCH0490,1,1,1,1,0,AKSHAY MUNI,NO REMARKS
INSP01639,2025-09-09,SCH0305,1,1,1,1,0,,NO REMARKS
INSP02415,2025-10-23,SCH0259,1,1,1,0,0,AKSHAY BAHRI,NO REMARKS
INSP01096,2025-07-10,SCH0435,,1,1,1,0,CALEB BHAKTA,NO REMARKS
INSP01131,2025-09-08,SCH0035,1,0,1,1,1,CHANCHAL MODI,GOOD CONDITION
INSP01295,2025-09-29,SCH0549,0,1,,1,1,GAURANG RAMAN,GOOD CONDITION
INSP00861,2025-11-01,SCH0301,1,1,,1,0,,NO REMARKS
